"Rank","Name","Symbol","operating_margin_ttm","price (INR)","country"
"1","Power Finance Corp","PFC.NS","9877","467.85","India"
"2","Bajaj Holdings &amp; Investment","BAJAJHLDNG.NS","9748","10851.1","India"
"3","Sundaram Finance","SUNDARMHLD.NS","9598","346.95","India"
"4","Hudco","HUDCO.NS","9583","223.1","India"
"5","JSW Holdings","JSWHL.NS","9276","8974.75","India"
"6","Tata Investment Corporation","TATAINVEST.NS","9176","7048.3","India"
"7","360 One Wam","360ONE.NS","8393","1056.9","India"
"8","N.B.I. Industrial Finance","NBIFIN.NS","8354","2388.3","India"
"9","Motilal Oswal Financial Services","MOTILALOFS.NS","7999","808.55","India"
"10","Jio Financial Services","JIOFIN.NS","7760","341.5","India"
"11","Repco Home Finance","REPCOHOME.NS","7719","497.55","India"
"12","LIC Housing Finance","LICHSGFIN.NS","7084","619.5","India"
"13","Poonawalla Fincorp","POONAWALLA.NS","7052","380.7","India"
"14","Alembic Limited","ALEMBICLTD.NS","6952","138.38","India"
"15","CDSL","CDSL.NS","6878","1478.05","India"
"16","SJVN","SJVN.NS","6463","120.19","India"
"17","Powergrid Corporation of India","POWERGRID.NS","6100","330.05","India"
"18","Oberoi Realty","OBEROIRLTY.NS","6091","1919.15","India"
"19","Muthoot Finance","MUTHOOTFIN.NS","6019","1945.45","India"
"20","Sun TV Network","SUNTV.NS","5998","783.85","India"
"21","Paisalo Digital","PAISALO.NS","5892","52.39","India"
"22","Bajaj Finance","BAJFINANCE.NS","5522","7302","India"
"23","Zee Learn","ZEELEARN.NS","5240","11.1","India"
"24","Godrej Properties","GODREJPROP.NS","5218","3014.25","India"
"25","NHPC Limited","NHPC.NS","5129","90.92","India"
"26","Phoenix Mills","PHOENIXLTD.NS","5088","1628.95","India"
"27","Adani Ports & SEZ","ADANIPORTS.NS","5053","1408.25","India"
"28","Shriram Transport Finance","SHRIRAMFIN.NS","5046","3341.2","India"
"29","Natco Pharma","NATCOPHARM.NS","4731","1436.25","India"
"30","Graphite India","GRAPHITE.NS","4651","579.05","India"
"31","ICICI Securities","ISEC.NS","4627","829.45","India"
"32","MapmyIndia","MAPMYINDIA.NS","4608","2135.15","India"
"33","Indiabulls Housing Finance","IBULHSGFIN.NS","4587","164.4","India"
"34","Indian Railway Finance","IRFC.NS","4567","152.4","India"
"35","BSE","BSE.NS","4549","4496.45","India"
"36","Cholamandalam Investment and Finance","CHOLAFIN.NS","4548","1501.05","India"
"37","City Union Bank","CUB.NS","4511","153.9","India"
"38","Axis Bank","AXISBANK.BO","4508","1172.4","India"
"39","MSTC Limited","MSTCLTD.NS","4493","686.15","India"
"40","CARE's Ratings","CARERATING.NS","4428","1230.35","India"
"41","Prestige Group","PRESTIGE.NS","4286","1854.5","India"
"42","Federal Bank","FEDERALBNK.NS","4233","187.55","India"
"43","Coal India","COALINDIA.NS","4068","492.95","India"
"44","Hindustan Zinc","HINDZINC.NS","4065","504.15","India"
"45","IndiaMART","INDIAMART.NS","4029","3011.4","India"
"46","KFin Technologies","KFINTECH.NS","4021","1044.1","India"
"47","Geojit Financial Services","GEOJITFSL.NS","4019","137.94","India"
"48","Bajaj Finserv","BAJAJFINSV.NS","3981","1876.4","India"
"49","National Mineral Development Corporation","NMDC.NS","3958","233.68","India"
"50","IDBI Bank","IDBI.NS","3940","83.28","India"
"51","Karur Vysya Bank","KARURVYSYA.NS","3936","199.04","India"
"52","Vedant Fashions","MANYAVAR.NS","3917","1320.05","India"
"53","IndusInd Bank","INDUSINDBK.NS","3911","1347.6","India"
"54","IIFL Finance","IIFL.NS","3900","469.55","India"
"55","Kotak Mahindra Bank","KOTAKBANK.NS","3898","1882.4","India"
"56","Bank of Baroda","BANKBARODA.NS","3887","242.42","India"
"57","Wonderla Holidays","WONDERLA.NS","3887","903.05","India"
"58","JSW Energy","JSWENERGY.NS","3856","706.7","India"
"59","Info Edge","NAUKRI.NS","3839","8363.3","India"
"60","ITC","ITC.NS","3795","488.2","India"
"61","Hindustan Aeronautics","HAL.NS","3760","4446.15","India"
"62","Aavas Financiers","AAVAS.NS","3724","1718.85","India"
"63","ICICI Bank","IBN","3712","2412.809","India"
"64","Indian Railway Catering & Tourism","IRCTC.NS","3675","889.2","India"
"65","Adani Power","ADANIPOWER.NS","3670","642.3","India"
"66","Aditya Birla Capital","ABCAPITAL.NS","3627","220.84","India"
"67","DLF","DLF.NS","3611","846.6","India"
"68","EIH Limited","EIHOTEL.NS","3566","430.2","India"
"69","Karnataka Bank","KTKBANK.NS","3500","228.2","India"
"70","Bharat Dynamics","BDL.NS","3488","1221.95","India"
"71","CSB Bank","CSBBANK.NS","3482","307.3","India"
"72","Hindustan Oil Exploration Company","HINDOILEXP.NS","3452","217.78","India"
"73","Chalet Hotels","CHALET.NS","3357","890","India"
"74","Eicher Motors","EICHERMOT.NS","3296","4728.05","India"
"75","Bank of India","BANKINDIA.NS","3280","105.53","India"
"76","Colgate-Palmolive India","COLPAL.NS","3261","3689.65","India"
"77","AIA Engineering","AIAENG.NS","3199","4074.35","India"
"78","Delta Corp","DELTACORP.NS","3193","124.73","India"
"79","Punjab National Bank","PNB.NS","3172","104.91","India"
"80","Bank of Maharashtra","MAHABANK.NS","3159","54.24","India"
"81","South Indian Bank","SOUTHBANK.NS","3154","23.86","India"
"82","Spandana Sphoorty Financial","SPANDANA.NS","3147","538.15","India"
"83","Canara Bank","CANBK.NS","3115","104.06","India"
"84","Gujarat Mineral Development","GMDCLTD.NS","3097","340","India"
"85","PTC Financial Services","PFS.NS","3087","47.96","India"
"86","Indus Towers","INDUSTOWER.NS","3080","378.5","India"
"87","Tata Elxsi","TATAELXSI.NS","2959","7675.15","India"
"88","HDFC Bank","HDB","2913","5089.5978","India"
"89","Indian Hotels Company","INDHOTEL.NS","2903","708.55","India"
"90","Abbott India","ABBOTINDIA.NS","2828","28808.2","India"
"91","Oil India","OIL.NS","2822","584.55","India"
"92","Neuland Laboratories","NEULANDLAB.NS","2814","14247.6","India"
"93","State Bank of India","SBIN.NS","2803","799.75","India"
"94","Divis Laboratories","DIVISLAB.NS","2796","6142.25","India"
"95","Embassy Office Parks REIT","EMBASSY.BO","2795","387.76","India"
"96","Multi Commodity Exchange","MCX.NS","2784","6410.55","India"
"97","CRISIL","CRISIL.NS","2767","4711.85","India"
"98","AU Small Finance Bank","AUBANK.NS","2759","690.4","India"
"99","Indian Bank","INDIANB.NS","2756","524.55","India"
"100","Nucleus Software Exports","NUCLEUS.NS","2756","1299.6","India"
"101","Kaveri Seed","KSCL.NS","2744","935.65","India"
"102","Finolex Industries","FINPIPE.NS","2743","299.45","India"
"103","Hindustan Copper","HINDCOPPER.NS","2732","315.85","India"
"104","Zydus Lifesciences","ZYDUSLIFE.NS","2716","1064.4","India"
"105","Bharat Electronics","BEL.NS","2667","285.9","India"
"106","Accelya","ACCELYA.NS","2665","1767.85","India"
"107","Sanofi India Limited","SANOFI.NS","2647","6915.1","India"
"108","MPS Limited","MPSLTD.NS","2641","2092.3","India"
"109","PI Industries","PIIND.NS","2637","4523.6","India"
"110","Cummins India","CUMMINSIND.NS","2622","3614.15","India"
"111","RITES","RITES.NS","2620","313.6","India"
"112","Fine Organics","FINEORG.NS","2606","5080.5","India"
"113","Tata Consultancy Services","TCS.NS","2605","4149.2","India"
"114","EaseMyTrip","EASEMYTRIP.NS","2590","34.19","India"
"115","Torrent Pharmaceuticals","TORNTPHARM.NS","2587","3497.05","India"
"116","Bandhan Bank","BANDHANBNK.NS","2587","210.26","India"
"117","eMudhra","EMUDHRA.NS","2577","952.5","India"
"118","Ingersoll Rand India","INGERRAND.NS","2572","4434.75","India"
"119","Voltamp Transformers","VOLTAMP.NS","2523","13599","India"
"120","Dr. Reddy's","RDY","2518","6578.4775","India"
"121","Mahanagar Gas","MGL.NS","2511","1834","India"
"122","Godawari Power &amp; Ispat","GPIL.NS","2493","190.9","India"
"123","Sun Pharmaceutical","SUNPHARMA.NS","2480","1901.95","India"
"124","Dr Lal PathLabs","LALPATHLAB.NS","2470","3505.95","India"
"125","SBI Card","SBICARD.NS","2443","733.75","India"
"126","Max Healthcare Institute","MAXHEALTH.NS","2441","939.8","India"
"127","MOIL","MOIL.NS","2433","382.75","India"
"128","Biocon","BIOCON.NS","2431","346.15","India"
"129","GMR Group","GMRINFRA.NS","2425","88.42","India"
"130","Union Bank of India","UNIONBANK.NS","2424","114.12","India"
"131","Infosys","INFY","2418","1927.7251","India"
"132","Anant Raj","ANANTRAJ.NS","2404","750.2","India"
"133","eClerx Services","ECLERX.NS","2388","3090.55","India"
"134","Punjab &amp; Sind Bank","PSB.NS","2387","52.16","India"
"135","National Aluminum &amp; Alloy","NATIONALUM.NS","2386","222.92","India"
"136","Solar Industries India","SOLARINDS.NS","2380","11318.4","India"
"137","NLC India","NLCINDIA.NS","2366","266.1","India"
"138","Kewal Kiran Clothing","KKCL.NS","2355","666.25","India"
"139","Wendt India","WENDT.NS","2354","14724.2","India"
"140","Mahindra Lifespaces","MAHLIFE.NS","2349","508.15","India"
"141","Hindustan Unilever","HINDUNILVR.NS","2345","2783.2","India"
"142","Cipla","CIPLA.NS","2329","1595.75","India"
"143","Mankind Pharma","MANKIND.NS","2324","2792.55","India"
"144","Castrol India","CASTROLIND.NS","2309","227.82","India"
"145","Procter &amp; Gamble India","PGHH.NS","2304","16634.9","India"
"146","Bajaj Auto","BAJAJ-AUTO.NS","2300","11877","India"
"147","Metro Brands","METROBRAND.NS","2290","1225.6","India"
"148","BLS International","BLS.NS","2275","362.7","India"
"149","Huhtamaki India","HUHTAMAKI.NS","2273","400.2","India"
"150","Puravankara","PURVA.NS","2272","394.45","India"
"151","Knr Constructions","KNRCON.NS","2245","318.4","India"
"152","Emami","EMAMILTD.NS","2240","730.25","India"
"153","Nestl√© India","NESTLEIND.NS","2232","2511.8","India"
"154","Happiest Minds Technologies","HAPPSTMNDS.NS","2217","800.75","India"
"155","Linde India","LINDEINDIA.NS","2209","8147.75","India"
"156","Anup Engineering","ANUP.NS","2192","2735.15","India"
"157","NTPC Limited","NTPC.NS","2183","422.5","India"
"158","Balkrishna Industries","BALKRISIND.NS","2181","3023.4","India"
"159","Vedanta","VEDL.NS","2139","497.5","India"
"160","Lodha Group","LODHA.NS","2138","1169.85","India"
"161","RPG Life Sciences","RPGLIFE.NS","2084","2806.9","India"
"162","FDC India","FDC.NS","2066","536.2","India"
"163","Adani Total Gas","ATGL.NS","2043","757.35","India"
"164","Marico","MARICO.NS","2027","685.5","India"
"165","Sumitomo Chemical
 India","SUMICHEM.NS","2026","545.1","India"
"166","Marksans Pharma","MARKSANS.NS","2025","289.15","India"
"167","Dabur","DABUR.NS","2024","570.85","India"
"168","Pidilite","PIDILITIND.NS","2010","3110.2","India"
"169","Indian Metals &amp; Ferro Alloys","IMFA.NS","2008","706.75","India"
"170","Bharti Hexacom","BHARTIHEXA.NS","1985","1445.4","India"
"171","Aether Industries","AETHER.NS","1981","948.5","India"
"172","BOSCH India","BOSCHLTD.NS","1978","38486.8","India"
"173","West Coast Paper Mills","WSTCSTPAPR.NS","1973","611.25","India"
"174","Container Corporation of India","CONCOR.NS","1970","893.9","India"
"175","HCL Technologies","HCLTECH.NS","1968","1839.65","India"
"176","Sasken Technologies","SASKEN.NS","1966","1706.8","India"
"177","Vesuvius India","VESUVIUS.NS","1962","5345.35","India"
"178","3M India","3MINDIA.NS","1957","33995","India"
"179","Asian Paints","ASIANPAINT.NS","1945","3037.2","India"
"180","Gateway Distriparks","GATEWAY.NS","1938","87.79","India"
"181","Finolex Cables","FINCABLES.NS","1931","1298.15","India"
"182","Syngene International","SYNGENE.NS","1926","879.9","India"
"183","Shriram Pistons &amp; Rings","SHRIPISTON.NS","1916","2210.3","India"
"184","Adani Green Energy","ADANIGREEN.NS","1908","1792.2","India"
"185","Alkem Laboratories","ALKEM.NS","1907","6191.3","India"
"186","ABB India","ABB.NS","1907","8553.7","India"
"187","Gland Pharma","GLAND.NS","1905","1698.55","India"
"188","Symphony Limited","SYMPHONY.NS","1901","1824.7","India"
"189","Astra Microwave","ASTRAMICRO.NS","1897","860.1","India"
"190","L&amp;T Technology Services","LTTS.NS","1893","5234.2","India"
"191","Grindwell Norton","GRINDWELL.NS","1889","2416.5","India"
"192","Bombay Burmah","BBTC.NS","1886","2643.85","India"
"193","Global Health Limited (Medanta)","MEDANTA.NS","1872","1024.7","India"
"194","Britannia Industries","BRITANNIA.NS","1861","5978.5","India"
"195","India Tourism Development Corp","ITDC.NS","1855","658.1","India"
"196","Varun Beverages","VBL.NS","1834","592.35","India"
"197","Wipro","WIT","1831","535.5259","India"
"198","Kalyani Steels","KSL.NS","1825","834.35","India"
"199","Adani Energy Solutions","ADANIENSOL.NS","1815","976.8","India"
"200","Foseco India","FOSECOIND.NS","1805","4706","India"
"201","Kuantum Papers","KUANTUM.NS","1801","137.7","India"
"202","Ambuja Cements","AMBUJACEM.NS","1800","585.2","India"
"203","Timken India","TIMKEN.NS","1793","3733.3","India"
"204","Indian Overseas Bank","IOB.NS","1789","54.29","India"
"205","Narayana Hrudayalaya","NH.NS","1783","1221.2","India"
"206","Bayer Crop Science","BAYERCROP.NS","1779","6713.85","India"
"207","Aurobindo Pharma","AUROPHARMA.NS","1775","1495.85","India"
"208","HBL Power Systems","HBLPOWER.NS","1775","604.7","India"
"209","Honeywell Automation India","HONAUT.NS","1772","50303.6","India"
"210","Page Industries","PAGEIND.NS","1769","45370.2","India"
"211","Indraprastha Gas","IGL.NS","1769","540.55","India"
"212","Zensar","ZENSARTECH.NS","1763","694.95","India"
"213","ESAB India","ESABINDIA.NS","1757","6151.75","India"
"214","KPIT Technologies","KPITTECH.NS","1752","1789.05","India"
"215","TANLA","TANLA.NS","1726","858.1","India"
"216","LTIMindtree","LTIM.NS","1724","6410.95","India"
"217","Electrosteel Castings","ELECTCAST.NS","1723","202.3","India"
"218","General Insurance Corporation of India","GICRE.NS","1707","390.4","India"
"219","Kitex Garments","KITEX.NS","1704","522.45","India"
"220","Cera Sanitaryware","CERA.NS","1697","7899.65","India"
"221","InterGlobe Aviation","INDIGO.NS","1690","4693.45","India"
"222","Mphasis","MPHASIS.NS","1685","2876.35","India"
"223","Vidhi Specialty Food","VIDHIING.NS","1683","480.55","India"
"224","Coromandel","COROMANDEL.NS","1660","1638.95","India"
"225","Bliss GVS Pharma","BLISSGVS.NS","1656","128.06","India"
"226","Sunteck Realty","SUNTECK.NS","1656","556.25","India"
"227","United Spirits","UNITDSPR.BO","1648","1520.3","India"
"228","SKF India","SKFINDIA.NS","1635","5413.2","India"
"229","Escorts Kubota","ESCORTS.NS","1635","3937.95","India"
"230","Schaeffler India","SCHAEFFLER.NS","1627","3898.35","India"
"231","Ratnamani Metals &amp; Tubes","RATNAMANI.NS","1624","3534.9","India"
"232","Vadilal Industries","VADILALIND.NS","1622","4048.85","India"
"233","Trent Limited","TRENT.NS","1615","8234.95","India"
"234","Ashok Leyland","ASHOKLEY.NS","1591","227.86","India"
"235","Himatsingka Seide","HIMATSEIDE.NS","1588","147.55","India"
"236","IDFC FIRST Bank","IDFCFIRSTB.NS","1577","72.37","India"
"237","Bata India","BATAINDIA.NS","1570","1406.1","India"
"238","Siemens India","SIEMENS.NS","1561","7749.9","India"
"239","Jindal Steel &amp; Power","JINDALSTEL.NS","1559","1005.85","India"
"240","Vst Tillers Tractors","VSTTILLERS.NS","1558","4512.55","India"
"241","Persistent Systems","PERSISTENT.NS","1552","5469.55","India"
"242","JK Cement","JKCEMENT.NS","1527","4238.75","India"
"243","Lupin Limited","LUPIN.NS","1526","2224.5","India"
"244","Action Construction Equipment","ACE.NS","1523","1343.85","India"
"245","Hester Biosciences","HESTERBIO.NS","1511","2348.65","India"
"246","RBL Bank","RBLBANK.NS","1506","204.41","India"
"247","Shalby","SHALBY.NS","1504","263.5","India"
"248","Inox Wind","INOXWIND.NS","1490","218.61","India"
"249","Elgi Equipments","ELGIEQUIP.NS","1487","671.6","India"
"250","Deepak Nitrite","DEEPAKNTR.NS","1485","2829.6","India"
"251","CG Power and Industrial Solutions","CGPOWER.NS","1484","858.15","India"
"252","ZF Commercial Vehicle Control Systems India","ZFCVINDIA.NS","1466","15304.8","India"
"253","Fortis Healthcare","FORTIS.NS","1462","600.3","India"
"254","Mishra Dhatu Nigam","MIDHANI.NS","1457","376.7","India"
"255","Berger Paints","BERGEPAINT.NS","1451","571.55","India"
"256","UltraTech Cement","ULTRACEMCO.NS","1447","11421.3","India"
"257","Torrent Power","TORNTPOWER.NS","1446","1886.4","India"
"258","Supreme Industries","SUPREMEIND.NS","1429","5224.4","India"
"259","Quick Heal","QUICKHEAL.NS","1426","811.7","India"
"260","SRF Limited","SRF.NS","1425","2348.75","India"
"261","ACC","ACC.NS","1424","2312.45","India"
"262","Granules India","GRANULES.NS","1415","603.85","India"
"263","Hero MotoCorp","HEROMOTOCO.NS","1415","5476.3","India"
"264","Safari Industries India","SAFARI.NS","1412","2611","India"
"265","Cyient","CYIENT.NS","1411","1851.2","India"
"266","Carborundum Universal","CARBORUNIV.NS","1403","1467.95","India"
"267","Shree Cement","SHREECEM.NS","1390","24337","India"
"268","Maruti Suzuki India","MARUTI.NS","1388","12776.6","India"
"269","Zydus Wellness","ZYDUSWELL.NS","1386","1956.25","India"
"270","Mastek","MASTEK.NS","1365","2709.8","India"
"271","INEOS Styrolution","INEOSSTYRO.NS","1363","807.8","India"
"272","CIE Automotive India","CIEINDIA.NS","1360","541.2","India"
"273","PCBL Limited","PCBL.NS","1343","508.6","India"
"274","WNS","WNS","1343","4005.0948","India"
"275","Central Bank of India","CENTRALBK.NS","1341","56.96","India"
"276","Honda Siel Power Products","HONDAPOWER.NS","1329","4154.2","India"
"277","Astral Poly Technik","ASTRAL.NS","1323","1897.45","India"
"278","Siyaram Silk Mills","SIYSIL.NS","1322","526.8","India"
"279","Engineers India","ENGINERSIN.NS","1300","200.71","India"
"280","Jagran Prakashan","JAGRAN.NS","1296","92.24","India"
"281","Ethos Watches","ETHOSLTD.NS","1289","3092.85","India"
"282","Yes Bank","YESBANK.NS","1286","21.4","India"
"283","Gulf Oil Lubricants","GULFOILLUB.NS","1284","1313.45","India"
"284","Polycab India","POLYCAB.NS","1278","7446.85","India"
"285","India Motor Parts and Accessories","IMPAL.NS","1273","1287.6","India"
"286","KSB ltd","KSB.NS","1268","997.8","India"
"287","Century Textiles and Industries","CENTURYTEX.NS","1259","2718.95","India"
"288","VA Tech Wabag","WABAG.NS","1254","1562.45","India"
"289","Ipca Laboratories","IPCALAB.NS","1243","1655.05","India"
"290","Praj Industries","PRAJIND.NS","1243","772.4","India"
"291","Asahi India Glass","ASAHIINDIA.NS","1243","735.5","India"
"292","Coforge","COFORGE.NS","1240","7380.6","India"
"293","ICICI Lombard","ICICIGI.NS","1238","2067.35","India"
"294","MakeMyTrip","MMYT","1236","8490.2293","India"
"295","Bharat Forge","BHARATFORG.NS","1220","1492.35","India"
"296","MM Forgings","MMFL.NS","1213","571.25","India"
"297","Cantabil Retail India","CANTABIL.NS","1213","237.14","India"
"298","Kajaria Ceramics","KAJARIACER.NS","1212","1408","India"
"299","Madras Rubber Factory","MRF.NS","1207","132198","India"
"300","Chambal Fertilisers","CHAMBLFERT.NS","1206","497.5","India"
"301","Oil &amp; Natural Gas","ONGC.NS","1205","292.55","India"
"302","Suzlon","SUZLON.NS","1201","74.39","India"
"303","KCP Limited","KCP.NS","1192","237.45","India"
"304","Nerolac Paints","KANSAINER.NS","1179","288.75","India"
"305","Mahindra &amp; Mahindra","M&M.NS","1170","3134.35","India"
"306","India Nippon Electricals","INDNIPPON.NS","1170","705.6","India"
"307","Jindal Stainless (Hisar)","JSLHISAR.NS","1168","570","India"
"308","Ramkrishna Forgings","RKFORGE.NS","1159","999.3","India"
"309","Tata Communications","TATACOMM.NS","1156","1963.75","India"
"310","Federal-Mogul Goetze","FMGOETZE.NS","1155","419.05","India"
"311","Alembic Pharmaceuticals","APLLTD.NS","1154","1171.7","India"
"312","Apollo Tyres","APOLLOTYRE.NS","1136","505.05","India"
"313","Power Mech Projects","POWERMECH.NS","1129","3108.4","India"
"314","GAIL","GAIL.NS","1125","229.4","India"
"315","Monte Carlo Fashions","MONTECARLO.NS","1121","840.1","India"
"316","Amara Raja Batteries","ARE&M.NS","1121","1406.9","India"
"317","Kingfa Science & Technology","KINGFA.NS","1119","3333.45","India"
"318","Reliance Industries","RELIANCE.NS","1119","2744.2","India"
"319","Gujarat Fluorochemicals","FLUOROCHEM.NS","1118","4693.85","India"
"320","Bharti Airtel","BHARTIARTL.NS","1115","1687.4","India"
"321","Time Technoplast","TIMETECHNO.NS","1096","394.85","India"
"322","East India Distilleries Parry","EIDPARRY.NS","1095","812.9","India"
"323","Thermax","THERMAX.NS","1094","5155.25","India"
"324","Hindustan Construction Company","HCC.NS","1087","42.26","India"
"325","HEG","HEG.NS","1084","2458.85","India"
"326","Jindal Stainless","JSL.NS","1083","754.45","India"
"327","Larsen &amp; Toubro","LT.NS","1078","3482.55","India"
"328","Southern Petrochemical Industries Corp","SPIC.NS","1077","84.54","India"
"329","Sheela Foam","SFL.NS","1072","913.1","India"
"330","Tube Investments of India","TIINDIA.NS","1071","4225.65","India"
"331","Heidelbergcement India","HEIDELBERG.NS","1061","224.39","India"
"332","Tata Consumer Products","TATACONSUM.NS","1052","1113.1","India"
"333","Gujarat Gas","GUJGASLTD.NS","1051","600.1","India"
"334","Raymond","RAYMOND.NS","1050","1603.45","India"
"335","Nelco","NELCO.NS","1047","1002.25","India"
"336","Schneider Electric Infrastructure","SCHNEIDER.NS","1043","860.45","India"
"337","Galaxy Surfactants","GALAXYSURF.NS","1038","2931.1","India"
"338","Greenpanel Industries","GREENPANEL.NS","1037","398.9","India"
"339","KEI Industries","KEI.NS","1037","4575.95","India"
"340","Aarti Drugs","AARTIDRUGS.NS","1030","509.9","India"
"341","Radico Khaitan","RADICO.NS","1029","2150.7","India"
"342","Capacit'e Infraprojects","CAPACITE.NS","1025","396.4","India"
"343","Orient Cement","ORIENTCEM.NS","1022","295.75","India"
"344","Automotive Axles","AUTOAXLES.NS","1021","1881.2","India"
"345","Adani Enterprises","ADANIENT.NS","1020","3137.2","India"
"346","Tide Water Oil","TIDEWATER.NS","1019","2140.4","India"
"347","Nazara Technologies","NAZARA.NS","1016","923.4","India"
"348","BEML","BEML.NS","1014","3791.8","India"
"349","Modern Dairies Limited","MODAIRY.BO","1013","56.06","India"
"350","Atul","ATUL.NS","1006","7888.8","India"
"351","Titan Company","TITAN.NS","1000","3474.4","India"
"352","Imagicaaworld Entertainment","IMAGICAA.NS","999","79.54","India"
"353","Transport Corporation of India","TCI.NS","998","1037.75","India"
"354","Grasim Industries","GRASIM.NS","997","2725.55","India"
"355","Force Motors","FORCEMOT.NS","991","7099.9","India"
"356","Havells India","HAVELLS.NS","987","1938.5","India"
"357","Ashiana Housing","ASHIANA.NS","987","308.25","India"
"358","Ashoka Buildcon","ASHOKA.NS","968","251.64","India"
"359","Cigniti Technologies","CIGNITITEC.NS","968","1390.45","India"
"360","Apollo Hospitals","APOLLOHOSP.NS","965","6983.4","India"
"361","Star Health and Allied Insurance Company","STARHEALTH.NS","965","547.6","India"
"362","Prince Pipes And Fittings","PRINCEPIPE.NS","961","546.95","India"
"363","Petronet LNG","PETRONET.NS","955","355.15","India"
"364","CenturyPly","CENTURYPLY.NS","951","904.9","India"
"365","Jubilant Pharmova","JUBLPHARMA.NS","948","1146.35","India"
"366","Greenlam Industries","GREENLAM.NS","937","509.15","India"
"367","Trident","TRIDENT.NS","935","35.3","India"
"368","UNO Minda","UNOMINDA.NS","927","985.75","India"
"369","Craftsman Automation","CRAFTSMAN.NS","921","6228.1","India"
"370","Tata Power","TATAPOWER.NS","919","461.15","India"
"371","Endurance Technologies","ENDURANCE.NS","907","2343.35","India"
"372","Prakash Industries","PRAKASH.NS","906","169.26","India"
"373","Mangalam Cement","MANGLMCEM.NS","902","862.3","India"
"374","Dhampur Sugar Mills","DHAMPURSUG.NS","901","213.59","India"
"375","Aptech","APTECHT.NS","900","214.83","India"
"376","Ramco Cements","RAMCOCEM.NS","899","861.55","India"
"377","Olectra Greentech","OLECTRA.NS","897","1752.1","India"
"378","Rane Brake Lining","RBL.NS","887","1159.9","India"
"379","Hindalco Industries","HINDALCO.NS","876","747.35","India"
"380","Relaxo Footwear","RELAXO.NS","868","796.9","India"
"381","Hikal","HIKAL.NS","868","340","India"
"382","Tamil Nadu Newsprint and Papers Limited","TNPL.NS","843","206.07","India"
"383","Rupa Company","RUPA.NS","841","287.35","India"
"384","Lux Industries","LUXIND.NS","840","2073.15","India"
"385","V-Guard Industries","VGUARD.NS","834","440.1","India"
"386","Jubilant FoodWorks","JUBLFOOD.NS","826","629.7","India"
"387","Jindal Worldwide","JINDWORLD.NS","825","313.9","India"
"388","Crompton Greaves Consumer Electricals","CROMPTON.NS","823","430.85","India"
"389","TVS Motor","TVSMOTOR.NS","818","2794.35","India"
"390","Welspun India","WELSPUNIND.NS","817","158.95","India"
"391","Jain Irrigation Systems","JISLDVREQS.NS","815","33.92","India"
"392","Piramal Pharma","PPLPHARMA.NS","814","221.3","India"
"393","Infibeam Avenues","INFIBEAM.NS","813","28.79","India"
"394","Exide Industries","EXIDEIND.NS","809","530.5","India"
"395","Greenply","GREENPLY.NS","808","378.5","India"
"396","Suprajit Engineering","SUPRAJIT.NS","807","505.4","India"
"397","Dollar Industries","DOLLAR.NS","797","545.55","India"
"398","Sterling Tools","STERTOOLS.NS","797","574.65","India"
"399","Tejas Networks","TEJASNET.NS","794","1189.5","India"
"400","Reliance Infrastructure","RELINFRA.NS","793","284.65","India"
"401","Sudarshan Chemical","SUDARSCHEM.NS","782","1201.1","India"
"402","Campus Activewear","CAMPUS.NS","779","315.5","India"
"403","DCM Shriram","DCMSHRIRAM.NS","774","1018.25","India"
"404","Gabriel India","GABRIEL.NS","770","458.35","India"
"405","Kokuyo Camlin","KOKUYOCMLN.NS","763","182.81","India"
"406","Kellton Tech Solutions","KELLTONTEC.NS","760","146.99","India"
"407","Dalmia Bharat","DALBHARAT.NS","752","1872.95","India"
"408","United Breweries","UBL.NS","747","2085.95","India"
"409","Somany Ceramics","SOMANYCERA.NS","741","720.25","India"
"410","Edelweiss Financial Services","EDELWEISS.NS","735","127.87","India"
"411","SML Isuzu","SMLISUZU.NS","734","1835.4","India"
"412","Tata Motors","TATAMOTORS.NS","729","930.7","India"
"413","ReNew Power","RNW","728","496.8537","India"
"414","Gokaldas Exports","GOKEX.NS","720","932.15","India"
"415","CEAT","CEATLTD.NS","714","3010.7","India"
"416","Blue Dart Express","BLUEDART.NS","711","8473.2","India"
"417","Cosmo First","COSMOFIRST.NS","707","766.15","India"
"418","Aarti Industries","AARTIIND.NS","707","529.2","India"
"419","Zee Entertainment","ZEEL.NS","699","130.15","India"
"420","Blue Star","BLUESTARCO.NS","695","2019.3","India"
"421","Hathway","HATHWAY.NS","686","20.09","India"
"422","Religare","RELIGARE.NS","685","275","India"
"423","Apar Industries","APARINDS.NS","683","10428.4","India"
"424","DMart","DMART.NS","682","4572.7","India"
"425","Radio City","RADIOCITY.NS","681","15.73","India"
"426","Strides Pharma","STAR.NS","680","1559.45","India"
"427","Nectar Lifesciences","NECLIFE.NS","679","39.09","India"
"428","Kalpataru Power Transmission","KALPATPOWR.NS","677","522.85","India"
"429","Kirloskar Ferrous Industries","KIRLFER.NS","670","460.05","India"
"430","Apollo Pipes","APOLLOPIPE.NS","668","568.5","India"
"431","Glenmark Pharmaceuticals","GLENMARK.NS","667","1790.65","India"
"432","Tech Mahindra","TECHM.NS","662","1647.05","India"
"433","India Glycols","INDIAGLYCO.NS","662","1470.5","India"
"434","Excel Industries","EXCELINDUS.NS","661","1626.6","India"
"435","Oriental Aromatics","OAL.NS","656","509.2","India"
"436","JSW Steel","JSWSTEEL.NS","651","1012.05","India"
"437","Surya Roshni","SURYAROSNI.NS","651","722.15","India"
"438","Varroc","VARROC.NS","647","575.7","India"
"439","Mangalore Chemicals and Fertilizers","MANGCHEFER.NS","634","140.04","India"
"440","JTEKT India","JTEKTINDIA.NS","631","175.94","India"
"441","BASF India","BASF.NS","629","8168.25","India"
"442","Lumax Industries","LUMAXIND.NS","615","2466.9","India"
"443","Vaibhav Global","VAIBHAVGBL.NS","607","300.65","India"
"444","Indoco Remedies","INDOCO.NS","606","337.3","India"
"445","VRL Logistics","VRLLOG.NS","605","575.35","India"
"446","Whirlpool India","WHIRLPOOL.NS","599","2367.15","India"
"447","Devyani International","DEVYANI.NS","590","182.01","India"
"448","Kalyan Jewellers India","KALYANKJIL.NS","584","720.3","India"
"449","Milkfood Limited","MLKFOOD.BO","580","137.25","India"
"450","Bharat Petroleum","BPCL.NS","579","337.65","India"
"451","Arvind","ARVIND.NS","571","360.2","India"
"452","NBCC India","NBCC.NS","568","114.06","India"
"453","Subros","SUBROS.NS","567","680","India"
"454","KEC International","KEC.NS","566","998.7","India"
"455","Voltas","VOLTAS.NS","565","1789.45","India"
"456","Indian Oil","IOC.NS","555","163.15","India"
"457","Texmaco Rail &amp; Engineering","TEXRAIL.NS","548","196.37","India"
"458","Parag Milk Foods","PARAGMILK.NS","544","227.29","India"
"459","Amber Enterprises India","AMBER.NS","542","5019.85","India"
"460","APL Apollo","APLAPOLLO.NS","541","1571.7","India"
"461","Syrma SGS Technology","SYRMA.NS","533","416.85","India"
"462","Tata Chemicals","TATACHEM.NS","531","1183.1","India"
"463","Chennai Petroleum","CHENNPETRO.NS","529","909","India"
"464","Hinduja Global Solutions","HGS.NS","522","788","India"
"465","Hitachi Energy India","POWERINDIA.NS","519","15899.2","India"
"466","Rico Auto Industries","RICOAUTO.NS","517","107.91","India"
"467","Hatsun Agro Products","HATSUN.NS","516","1145.25","India"
"468","Black Box","BBOX.NS","511","484.35","India"
"469","Samvardhana Motherson","MOTHERSON.NS","504","212.82","India"
"470","NCC Limited","NCC.NS","503","298.45","India"
"471","JBM Auto","JBMA.NS","485","1774.55","India"
"472","Life Insurance Corporation of India (LIC)","LICI.NS","482","948.85","India"
"473","Barbeque Nation Hospitality","BARBEQUE.NS","479","681.1","India"
"474","Patanjali Foods","PATANJALI.NS","476","1743.5","India"
"475","Confidence Petroleum","CONFIPET.NS","456","81.39","India"
"476","Nilkamal","NILKAMAL.NS","455","1936.25","India"
"477","Godrej","GODREJCP.NS","450","1315.7","India"
"478","Zomato","ZOMATO.NS","448","277.55","India"
"479","Jindal Poly Films","JINDALPOLY.NS","445","817.55","India"
"480","Igarashi Motors India","IGARASHI.NS","439","638.35","India"
"481","Balaji Telefilms","BALAJITELE.NS","437","63.26","India"
"482","Sandhar","SANDHAR.NS","437","574.45","India"
"483","Mirza International","MIRZAINT.NS","427","42.73","India"
"484","Laurus Labs","LAURUSLABS.NS","427","474.15","India"
"485","PB Fintech","POLICYBZR.NS","421","1639.05","India"
"486","PTC India","PTC.NS","411","197.38","India"
"487","The Tinplate Company Of India","TINPLATE.NS","406","430.5","India"
"488","Filatex India","FILATEX.NS","398","57.86","India"
"489","I.g. Petrochemicals","IGPL.NS","395","586.2","India"
"490","Skipper Limited","SKIPPER.NS","388","548.1","India"
"491","Orient Electric","ORIENTELEC.NS","381","236.46","India"
"492","GTPL Hathway","GTPL.NS","380","161.74","India"
"493","Polyplex","POLYPLEX.NS","372","1169.65","India"
"494","Steel Authority of India","SAIL.NS","368","134.03","India"
"495","Hindustan Petroleum","HINDPETRO.NS","342","395.5","India"
"496","PDS Multinational","PDSL.NS","340","520.3","India"
"497","Bajaj Electricals","BAJAJELEC.NS","339","900.9","India"
"498","SpiceJet","SPICEJET.BO","339","67.29","India"
"499","Dixon Technologies","DIXON.NS","320","15143.6","India"
"500","New India Assurance","NIACL.NS","310","209.68","India"
"501","Avalon Technologies","AVALON.NS","307","626.55","India"
"502","Tata Steel","TATASTEEL.NS","306","160.66","India"
"503","Sify","SIFY","305","284.1566","India"
"504","IFB Industries","IFBIND.NS","268","1799.5","India"
"505","Rane Holdings","RANEHOLDIN.NS","265","1989.7","India"
"506","Adani Wilmar","AWL.NS","263","337.45","India"
"507","Apex Frozen Foods","APEX.NS","255","244.23","India"
"508","VIP Industries","VIPIND.NS","253","547.45","India"
"509","Rashtriya Chemicals and Fertilizers","RCF.NS","253","179.82","India"
"510","Nykaa","NYKAA.NS","248","192.01","India"
"511","Shankara Building","SHANKARA.NS","213","516.1","India"
"512","Redington India","REDINGTON.NS","210","184.3","India"
"513","Jay Bharat Maruti","JAYBARMARU.NS","209","98.07","India"
"514","Wheels India","WHEELS.NS","193","743.55","India"
"515","Sterlite Technologies","STLTECH.NS","184","120.66","India"
"516","Quess","QUESS.NS","180","727.1","India"
"517","HDFC Life","HDFCLIFE.NS","164","723.85","India"
"518","sterling &amp; wilson solar","SWSOLAR.NS","152","566.4","India"
"519","SBI Life Insurance","SBILIFE.NS","150","1735.05","India"
"520","National Fertilizers","NFL.NS","136","121.76","India"
"521","GE Power India","GEPIL.NS","109","404.05","India"
"522","Allcargo Logistics","ALLCARGO.NS","108","61.4","India"
"523","ICICI Prulife","ICICIPRULI.NS","106","742.55","India"
"524","Max Financial Services","MFSL.NS","97","1185.55","India"
"525","Sequent Scientific","SEQUENT.NS","91","192.72","India"
"526","Asian Granito India","ASIANTILES.NS","75","78.95","India"
"527","Hyderabad Industries Limited","HIL.NS","74","2848","India"
"528","Mahindra Logistics","MAHLOG.NS","71","500.75","India"
"529","Gati","GATI.NS","33","137.05","India"
"530","JCI Hitachi India","JCHAC.NS","17","2560.85","India"
"531","Rajesh Exports","RAJESHEXPO.NS","9","291.45","India"
"532","Ebixcash India","EBIXFOREX.NS","0","614.5517","India"
"533","Jump Networks","JUMPNET.NS","0","10.0884","India"
"534","RattanIndia Power","RTNPOWER.NS","0","16.44","India"
"535","Rural Electrification Corp","RECLTD.NS","0","537.9","India"
"536","Gallantt Ispat","GALLISPAT.NS","0","64.9","India"
"537","IDFC","IDFC.NS","0","108.78","India"
"538","Indian Energy Exchange","IEX.NS","0","204.59","India"
"539","Hindustan Sanitaryware &amp; Industries","HSIL.NS","0","316.9439","India"
"540","Bodal Chemicals","BODALCHEM.NS","0","82.91","India"
"541","Reliance Power","RPOWER.NS","-73","44.23","India"
"542","Delhivery","DELHIVERY.NS","-118","411.15","India"
"543","Orient Paper Mills","ORIENTPPR.NS","-176","46.82","India"
"544","Hindustan Media Ventures","HMVL.NS","-247","94.1","India"
"545","Borosil","BORORENEW.NS","-248","461.9","India"
"546","KIOCL","KIOCL.NS","-257","372.2","India"
"547","PVR INOX","PVRINOX.NS","-290","1620.5","India"
"548","NACL Industries","NACLIND.NS","-306","53.14","India"
"549","Navkar Corp","NAVKARCORP.NS","-312","125.42","India"
"550","Spencer's Retail","SPENCERS.NS","-381","99.79","India"
"551","Indorama Synthetics","INDORAMA.NS","-413","47.46","India"
"552","Azure Power","AZREF","-421","25.221","India"
"553","Alok Industries","ALOKINDS.NS","-455","25.25","India"
"554","UPL","UPL.NS","-580","583.05","India"
"555","Aditya Birla Fashion and Retail","ABFRL.NS","-616","340.25","India"
"556","Rain Industries","RAIN.NS","-645","172.98","India"
"557","Network18","NETWORK18.NS","-663","81.36","India"
"558","Dish TV","DISHTV.NS","-719","14.25","India"
"559","Gujarat Alkalies and Chemicals","GUJALKALI.NS","-758","875.3","India"
"560","Yatra","YTRA","-765","142.919","India"
"561","Piramal Enterprises","PEL.NS","-871","1079.8","India"
"562","Vodafone Idea","IDEA.NS","-1021","9.18","India"
"563","Jaypee Group","JPASSOCIAT.NS","-1032","8.55","India"
"564","Reliance Communications","RCOM.NS","-1076","2.58","India"
"565","Hinduja Ventures","NXTDIGITAL.NS","-1100","117","India"
"566","Prime Focus","PFOCUS.NS","-1855","150.84","India"
"567","Tata Steel Long Products","TATASTLLP.NS","-1883","829.35","India"
"568","Indian Telephone Industries","ITI.NS","-1951","248.25","India"
"569","Paytm","PAYTM.NS","-2051","724.5","India"
"570","Astec Lifesciences","ASTEC.NS","-2921","1093.2","India"
"571","Omaxe","OMAXE.NS","-3057","129.26","India"
"572","3i Infotech","3IINFOLTD.NS","-3329","30.33","India"
"573","Future Retail","FRETAIL.NS","-3442","2.28","India"
"574","TCNS Clothing","TCNSBRANDS.NS","-3528","583.3","India"
"575","Coffee Day Enterprises","COFFEEDAY.NS","-3530","36.14","India"
"576","Sanghi Industries","SANGHIIND.NS","-3969","83.11","India"
"577","Ola Electric Mobility","OLAELEC.NS","-5245","90.2","India"
"578","GTL Infrastructure","GTLINFRA.NS","-5777","2.36","India"
"579","Tata Teleservices","TTML.NS","-10348","81.9","India"
"580","MMTC","MMTC.NS","-10785","85.06","India"
"581","Future Supply Chain Solutions","FSC.NS","-11232","2.12","India"
"582","Unitech Group","UNITECH.NS","-30548","11.18","India"
"583","Mahanagar Telephone Nigam","MTNL.NS","-33262","50.94","India"
"584","SPARC","SPARC.NS","-56571","213.18","India"
"585","MEP Infrastructure","MEP.NS","-61255","4.26","India"
"586","Srei Infrastructure Finance","SREINFRA.NS","-76493","2.1","India"
