"Rank","Name","Symbol","employees_count","price (INR)","country"
"1","Tata Consultancy Services","TCS.NS","601546","4149.2","India"
"2","Infosys","INFY","317240","1927.7251","India"
"3","Mahindra &amp; Mahindra","M&M.NS","260000","3134.35","India"
"4","Coal India","COALINDIA.NS","248550","492.95","India"
"5","Reliance Industries","RELIANCE.NS","236334","2744.2","India"
"6","Wipro","WIT","234000","535.5259","India"
"7","State Bank of India","SBIN.NS","232296","799.75","India"
"8","HCL Technologies","HCLTECH.NS","219325","1839.65","India"
"9","HDFC Bank","HDB","173222","5089.5978","India"
"10","ICICI Bank","IBN","157799","2412.809","India"
"11","Tata Steel","TATASTEEL.NS","121869","160.66","India"
"12","Tech Mahindra","TECHM.NS","116331","1647.05","India"
"13","Axis Bank","AXISBANK.BO","104633","1172.4","India"
"14","Punjab National Bank","PNB.NS","104120","104.91","India"
"15","Life Insurance Corporation of India (LIC)","LICI.NS","104036","948.85","India"
"16","Kotak Mahindra Bank","KOTAKBANK.NS","103000","1882.4","India"
"17","Bajaj Finserv","BAJAJFINSV.NS","92079","1876.4","India"
"18","Tata Motors","TATAMOTORS.NS","91496","930.7","India"
"19","Canara Bank","CANBK.NS","84978","104.06","India"
"20","LTIMindtree","LTIM.NS","81650","6410.95","India"
"21","Bank of Baroda","BANKBARODA.NS","78122","242.42","India"
"22","Union Bank of India","UNIONBANK.NS","75866","114.12","India"
"23","Apollo Hospitals","APOLLOHOSP.NS","71113","6983.4","India"
"24","Shriram Transport Finance","SHRIRAMFIN.NS","64052","3341.2","India"
"25","Steel Authority of India","SAIL.NS","62181","134.03","India"
"26","Bandhan Bank","BANDHANBNK.NS","61247","210.26","India"
"27","WNS","WNS","60125","4005.0948","India"
"28","Larsen &amp; Toubro","LT.NS","54303","3482.55","India"
"29","Bank of India","BANKINDIA.NS","50944","105.53","India"
"30","Samvardhana Motherson","MOTHERSON.NS","47456","212.82","India"
"31","Indian Bank","INDIANB.NS","41699","524.55","India"
"32","BOSCH India","BOSCHLTD.NS","38700","38486.8","India"
"33","Sun Pharmaceutical","SUNPHARMA.NS","38000","1901.95","India"
"34","ITC","ITC.NS","37312","488.2","India"
"35","Hindalco Industries","HINDALCO.NS","35869","747.35","India"
"36","Bajaj Finance","BAJFINANCE.NS","35425","7302","India"
"37","IndusInd Bank","INDUSINDBK.NS","33582","1347.6","India"
"38","HDFC Life","HDFCLIFE.NS","32448","723.85","India"
"39","Central Bank of India","CENTRALBK.NS","31610","56.96","India"
"40","Gokaldas Exports","GOKEX.NS","31483","932.15","India"
"41","Indian Oil","IOC.NS","31254","163.15","India"
"42","Aditya Birla Capital","ABCAPITAL.NS","30905","220.84","India"
"43","AU Small Finance Bank","AUBANK.NS","29738","690.4","India"
"44","Jubilant FoodWorks","JUBLFOOD.NS","29346","629.7","India"
"45","IDFC FIRST Bank","IDFCFIRSTB.NS","27804","72.37","India"
"46","Yes Bank","YESBANK.NS","27517","21.4","India"
"47","Oil &amp; Natural Gas","ONGC.NS","27165","292.55","India"
"48","Dr. Reddy's","RDY","27048","6578.4775","India"
"49","Muthoot Finance","MUTHOOTFIN.NS","26716","1945.45","India"
"50","InterGlobe Aviation","INDIGO.NS","26164","4693.45","India"
"51","Welspun India","WELSPUNIND.NS","26000","158.95","India"
"52","Cipla","CIPLA.NS","25927","1595.75","India"
"53","Trent Limited","TRENT.NS","25277","8234.95","India"
"54","Arvind","ARVIND.NS","25188","360.2","India"
"55","Mphasis","MPHASIS.NS","24518","2876.35","India"
"56","Hindustan Aeronautics","HAL.NS","24375","4446.15","India"
"57","Page Industries","PAGEIND.NS","23853","45370.2","India"
"58","Bharti Airtel","BHARTIARTL.NS","23628","1687.4","India"
"59","Grasim Industries","GRASIM.NS","23591","2725.55","India"
"60","Coforge","COFORGE.NS","23224","7380.6","India"
"61","Tata Power","TATAPOWER.NS","23025","461.15","India"
"62","Zydus Lifesciences","ZYDUSLIFE.NS","23000","1064.4","India"
"63","Indian Overseas Bank","IOB.NS","22052","54.29","India"
"64","UltraTech Cement","ULTRACEMCO.NS","21942","11421.3","India"
"65","Future Retail","FRETAIL.NS","21839","2.28","India"
"66","Hinduja Global Solutions","HGS.NS","21608","788","India"
"67","L&amp;T Technology Services","LTTS.NS","21271","5234.2","India"
"68","Lupin Limited","LUPIN.NS","20933","2224.5","India"
"69","SBI Life Insurance","SBILIFE.NS","20787","1735.05","India"
"70","VRL Logistics","VRLLOG.NS","20219","575.35","India"
"71","BLS International","BLS.NS","20000","362.7","India"
"72","Hindustan Unilever","HINDUNILVR.NS","19427","2783.2","India"
"73","Madras Rubber Factory","MRF.NS","19209","132198","India"
"74","ICICI Prulife","ICICIPRULI.NS","18842","742.55","India"
"75","Indian Hotels Company","INDHOTEL.NS","18359","708.55","India"
"76","RBL Bank","RBLBANK.NS","18010","204.41","India"
"77","Paytm","PAYTM.NS","17964","724.5","India"
"78","Vedanta","VEDL.NS","17526","497.5","India"
"79","Delhivery","DELHIVERY.NS","17256","411.15","India"
"80","IDBI Bank","IDBI.NS","17047","83.28","India"
"81","Alkem Laboratories","ALKEM.NS","16966","6191.3","India"
"82","Divis Laboratories","DIVISLAB.NS","16543","6142.25","India"
"83","Devyani International","DEVYANI.NS","16371","182.01","India"
"84","Maruti Suzuki India","MARUTI.NS","16259","12776.6","India"
"85","eClerx Services","ECLERX.NS","16171","3090.55","India"
"86","Ipca Laboratories","IPCALAB.NS","16167","1655.05","India"
"87","NTPC Limited","NTPC.NS","15786","422.5","India"
"88","Torrent Pharmaceuticals","TORNTPHARM.NS","15718","3497.05","India"
"89","Aurobindo Pharma","AUROPHARMA.NS","15431","1495.85","India"
"90","Glenmark Pharmaceuticals","GLENMARK.NS","15415","1790.65","India"
"91","Biocon","BIOCON.NS","15000","346.15","India"
"92","Max Healthcare Institute","MAXHEALTH.NS","15000","939.8","India"
"93","Trident","TRIDENT.NS","14998","35.3","India"
"94","IIFL Finance","IIFL.NS","14937","469.55","India"
"95","Alembic Pharmaceuticals","APLLTD.NS","14858","1171.7","India"
"96","Alok Industries","ALOKINDS.NS","14803","25.25","India"
"97","Power Mech Projects","POWERMECH.NS","14044","3108.4","India"
"98","New India Assurance","NIACL.NS","13926","209.68","India"
"99","Varroc","VARROC.NS","13800","575.7","India"
"100","ICICI Lombard","ICICIGI.NS","13670","2067.35","India"
"101","JSW Steel","JSWSTEEL.NS","13301","1012.05","India"
"102","UPL","UPL.NS","13054","583.05","India"
"103","Fortis Healthcare","FORTIS.NS","13010","600.3","India"
"104","Godrej","GODREJCP.NS","13000","1315.7","India"
"105","Bank of Maharashtra","MAHABANK.NS","12977","54.24","India"
"106","Cyient","CYIENT.NS","12733","1851.2","India"
"107","Federal Bank","FEDERALBNK.NS","12641","187.55","India"
"108","Blue Dart Express","BLUEDART.NS","12594","8473.2","India"
"109","Piramal Enterprises","PEL.NS","12220","1079.8","India"
"110","PB Fintech","POLICYBZR.NS","11694","1639.05","India"
"111","Tata Elxsi","TATAELXSI.NS","11639","7675.15","India"
"112","DMart","DMART.NS","11312","4572.7","India"
"113","Motilal Oswal Financial Services","MOTILALOFS.NS","11300","808.55","India"
"114","NLC India","NLCINDIA.NS","11246","266.1","India"
"115","Zensar","ZENSARTECH.NS","11051","694.95","India"
"116","Religare","RELIGARE.NS","11000","275","India"
"117","Varun Beverages","VBL.NS","9973","592.35","India"
"118","Amara Raja Batteries","ARE&M.NS","9911","1406.9","India"
"119","UNO Minda","UNOMINDA.NS","9881","985.75","India"
"120","Spandana Sphoorty Financial","SPANDANA.NS","9674","538.15","India"
"121","Ashok Leyland","ASHOKLEY.NS","9603","227.86","India"
"122","Prime Focus","PFOCUS.NS","9500","150.84","India"
"123","Asian Paints","ASIANPAINT.NS","9482","3037.2","India"
"124","Vodafone Idea","IDEA.NS","9370","9.18","India"
"125","South Indian Bank","SOUTHBANK.NS","9219","23.86","India"
"126","Hero MotoCorp","HEROMOTOCO.NS","9173","5476.3","India"
"127","Cholamandalam Investment and Finance","CHOLAFIN.NS","9125","1501.05","India"
"128","EIH Limited","EIHOTEL.NS","9105","430.2","India"
"129","Hindustan Petroleum","HINDPETRO.NS","9065","395.5","India"
"130","Prestige Group","PRESTIGE.NS","9024","1854.5","India"
"131","Siemens India","SIEMENS.NS","8888","7749.9","India"
"132","Bharat Electronics","BEL.NS","8853","285.9","India"
"133","Nestl√© India","NESTLEIND.NS","8736","2511.8","India"
"134","Punjab &amp; Sind Bank","PSB.NS","8735","52.16","India"
"135","Himatsingka Seide","HIMATSEIDE.NS","8687","147.55","India"
"136","Titan Company","TITAN.NS","8680","3474.4","India"
"137","Adani Enterprises","ADANIENT.NS","8676","3137.2","India"
"138","Bharat Petroleum","BPCL.NS","8594","337.65","India"
"139","Powergrid Corporation of India","POWERGRID.NS","8536","330.05","India"
"140","Karnataka Bank","KTKBANK.NS","8520","228.2","India"
"141","Jain Irrigation Systems","JISLDVREQS.NS","8500","33.92","India"
"142","CEAT","CEATLTD.NS","8207","3010.7","India"
"143","Relaxo Footwear","RELAXO.NS","8026","796.9","India"
"144","Apollo Tyres","APOLLOTYRE.NS","7835","505.05","India"
"145","KEC International","KEC.NS","7779","998.7","India"
"146","Torrent Power","TORNTPOWER.NS","7603","1886.4","India"
"147","Pidilite","PIDILITIND.NS","7310","3110.2","India"
"148","SRF Limited","SRF.NS","7171","2348.75","India"
"149","Tata Communications","TATACOMM.NS","7144","1963.75","India"
"150","Barbeque Nation Hospitality","BARBEQUE.NS","6878","681.1","India"
"151","Syngene International","SYNGENE.NS","6847","879.9","India"
"152","Karur Vysya Bank","KARURVYSYA.NS","6761","199.04","India"
"153","Raymond","RAYMOND.NS","6707","1603.45","India"
"154","KPIT Technologies","KPITTECH.NS","6698","1789.05","India"
"155","Quess","QUESS.NS","6664","727.1","India"
"156","Havells India","HAVELLS.NS","6533","1938.5","India"
"157","Shree Cement","SHREECEM.NS","6451","24337","India"
"158","CenturyPly","CENTURYPLY.NS","6339","904.9","India"
"159","FDC India","FDC.NS","6336","536.2","India"
"160","Piramal Pharma","PPLPHARMA.NS","6295","221.3","India"
"161","Oil India","OIL.NS","6256","584.55","India"
"162","Jindal Steel &amp; Power","JINDALSTEL.NS","6200","1005.85","India"
"163","Bajaj Auto","BAJAJ-AUTO.NS","6192","11877","India"
"164","Aarti Industries","AARTIIND.NS","6185","529.2","India"
"165","DCM Shriram","DCMSHRIRAM.NS","6067","1018.25","India"
"166","Aavas Financiers","AAVAS.NS","6034","1718.85","India"
"167","Laurus Labs","LAURUSLABS.NS","6007","474.15","India"
"168","Jubilant Pharmova","JUBLPHARMA.NS","6000","1146.35","India"
"169","Indoco Remedies","INDOCO.NS","6000","337.3","India"
"170","Dalmia Bharat","DALBHARAT.NS","5945","1872.95","India"
"171","Jay Bharat Maruti","JAYBARMARU.NS","5896","98.07","India"
"172","Jaypee Group","JPASSOCIAT.NS","5893","8.55","India"
"173","Mastek","MASTEK.NS","5810","2709.8","India"
"174","MOIL","MOIL.NS","5789","382.75","India"
"175","BEML","BEML.NS","5573","3791.8","India"
"176","Hatsun Agro Products","HATSUN.NS","5541","1145.25","India"
"177","National Mineral Development Corporation","NMDC.NS","5539","233.68","India"
"178","National Aluminum &amp; Alloy","NATIONALUM.NS","5525","222.92","India"
"179","Kitex Garments","KITEX.NS","5524","522.45","India"
"180","TVS Motor","TVSMOTOR.NS","5459","2794.35","India"
"181","City Union Bank","CUB.NS","5367","153.9","India"
"182","Dabur","DABUR.NS","5319","570.85","India"
"183","Indiabulls Housing Finance","IBULHSGFIN.NS","5318","164.4","India"
"184","Exide Industries","EXIDEIND.NS","5151","530.5","India"
"185","NCC Limited","NCC.NS","5109","298.45","India"
"186","NHPC Limited","NHPC.NS","5092","90.92","India"
"187","Coromandel","COROMANDEL.NS","5064","1638.95","India"
"188","Federal-Mogul Goetze","FMGOETZE.NS","5025","419.05","India"
"189","3i Infotech","3IINFOLTD.NS","5000","30.33","India"
"190","Jagran Prakashan","JAGRAN.NS","4865","92.24","India"
"191","Polycab India","POLYCAB.NS","4843","7446.85","India"
"192","Thermax","THERMAX.NS","4818","5155.25","India"
"193","Info Edge","NAUKRI.NS","4785","8363.3","India"
"194","GAIL","GAIL.NS","4754","229.4","India"
"195","Gland Pharma","GLAND.NS","4752","1698.55","India"
"196","Eicher Motors","EICHERMOT.NS","4739","4728.05","India"
"197","Redington India","REDINGTON.NS","4651","184.3","India"
"198","Supreme Industries","SUPREMEIND.NS","4647","5224.4","India"
"199","CSB Bank","CSBBANK.NS","4632","307.3","India"
"200","Tata Chemicals","TATACHEM.NS","4622","1183.1","India"
"201","CRISIL","CRISIL.NS","4603","4711.85","India"
"202","Happiest Minds Technologies","HAPPSTMNDS.NS","4589","800.75","India"
"203","IndiaMART","INDIAMART.NS","4583","3011.4","India"
"204","MakeMyTrip","MMYT","4576","8490.2293","India"
"205","Lodha Group","LODHA.NS","4560","1169.85","India"
"206","Spencer's Retail","SPENCERS.NS","4505","99.79","India"
"207","Reliance Infrastructure","RELINFRA.NS","4502","284.65","India"
"208","Edelweiss Financial Services","EDELWEISS.NS","4490","127.87","India"
"209","Britannia Industries","BRITANNIA.NS","4467","5978.5","India"
"210","Kajaria Ceramics","KAJARIACER.NS","4380","1408","India"
"211","Bata India","BATAINDIA.NS","4357","1406.1","India"
"212","Sify","SIFY","4319","284.1566","India"
"213","CIE Automotive India","CIEINDIA.NS","4266","541.2","India"
"214","Zomato","ZOMATO.NS","4204","277.55","India"
"215","VIP Industries","VIPIND.NS","4190","547.45","India"
"216","Astral Poly Technik","ASTRAL.NS","4140","1897.45","India"
"217","Dr Lal PathLabs","LALPATHLAB.NS","4099","3505.95","India"
"218","JK Cement","JKCEMENT.NS","4097","4238.75","India"
"219","Bharat Forge","BHARATFORG.NS","4079","1492.35","India"
"220","Natco Pharma","NATCOPHARM.NS","4025","1436.25","India"
"221","Berger Paints","BERGEPAINT.NS","3931","571.55","India"
"222","Force Motors","FORCEMOT.NS","3928","7099.9","India"
"223","Escorts Kubota","ESCORTS.NS","3920","3937.95","India"
"224","TCNS Clothing","TCNSBRANDS.NS","3910","583.3","India"
"225","Shriram Pistons &amp; Rings","SHRIPISTON.NS","3907","2210.3","India"
"226","SBI Card","SBICARD.NS","3907","733.75","India"
"227","Cigniti Technologies","CIGNITITEC.NS","3891","1390.45","India"
"228","ACC","ACC.NS","3852","2312.45","India"
"229","Black Box","BBOX.NS","3800","484.35","India"
"230","Mahanagar Telephone Nigam","MTNL.NS","3749","50.94","India"
"231","Mahindra Logistics","MAHLOG.NS","3740","500.75","India"
"232","Abbott India","ABBOTINDIA.NS","3700","28808.2","India"
"233","Transport Corporation of India","TCI.NS","3687","1037.75","India"
"234","Endurance Technologies","ENDURANCE.NS","3588","2343.35","India"
"235","Ambuja Cements","AMBUJACEM.NS","3548","585.2","India"
"236","Patanjali Foods","PATANJALI.NS","3547","1743.5","India"
"237","Nilkamal","NILKAMAL.NS","3493","1936.25","India"
"238","Hindustan Zinc","HINDZINC.NS","3492","504.15","India"
"239","Balkrishna Industries","BALKRISIND.NS","3472","3023.4","India"
"240","ABB India","ABB.NS","3384","8553.7","India"
"241","Nerolac Paints","KANSAINER.NS","3379","288.75","India"
"242","Surya Roshni","SURYAROSNI.NS","3357","722.15","India"
"243","Ramco Cements","RAMCOCEM.NS","3326","861.55","India"
"244","Siyaram Silk Mills","SIYSIL.NS","3299","526.8","India"
"245","Adani Power","ADANIPOWER.NS","3295","642.3","India"
"246","Tata Steel Long Products","TATASTLLP.NS","3291","829.35","India"
"247","Delta Corp","DELTACORP.NS","3286","124.73","India"
"248","Sterlite Technologies","STLTECH.NS","3286","120.66","India"
"249","Tube Investments of India","TIINDIA.NS","3233","4225.65","India"
"250","Emami","EMAMILTD.NS","3205","730.25","India"
"251","Atul","ATUL.NS","3188","7888.8","India"
"252","Zee Entertainment","ZEEL.NS","3182","130.15","India"
"253","Indus Towers","INDUSTOWER.NS","3163","378.5","India"
"254","Cummins India","CUMMINSIND.NS","3161","3614.15","India"
"255","Adani Ports & SEZ","ADANIPORTS.NS","3129","1408.25","India"
"256","Bombay Burmah","BBTC.NS","3087","2643.85","India"
"257","PI Industries","PIIND.NS","3079","4523.6","India"
"258","Kalpataru Power Transmission","KALPATPOWR.NS","3072","522.85","India"
"259","Tata Consumer Products","TATACONSUM.NS","3040","1113.1","India"
"260","Godrej Properties","GODREJPROP.NS","3015","3014.25","India"
"261","National Fertilizers","NFL.NS","3003","121.76","India"
"262","Honeywell Automation India","HONAUT.NS","2950","50303.6","India"
"263","Huhtamaki India","HUHTAMAKI.NS","2906","400.2","India"
"264","Electrosteel Castings","ELECTCAST.NS","2879","202.3","India"
"265","Schaeffler India","SCHAEFFLER.NS","2871","3898.35","India"
"266","Blue Star","BLUESTARCO.NS","2866","2019.3","India"
"267","Godawari Power &amp; Ispat","GPIL.NS","2851","190.9","India"
"268","United Breweries","UBL.NS","2837","2085.95","India"
"269","Gujarat Fluorochemicals","FLUOROCHEM.NS","2830","4693.85","India"
"270","Hindustan Sanitaryware &amp; Industries","HSIL.NS","2818","316.9439","India"
"271","CG Power and Industrial Solutions","CGPOWER.NS","2771","858.15","India"
"272","Nykaa","NYKAA.NS","2764","192.01","India"
"273","Asahi India Glass","ASAHIINDIA.NS","2734","735.5","India"
"274","Engineers India","ENGINERSIN.NS","2725","200.71","India"
"275","Apex Frozen Foods","APEX.NS","2713","244.23","India"
"276","Whirlpool India","WHIRLPOOL.NS","2668","2367.15","India"
"277","Bharat Dynamics","BDL.NS","2662","1221.95","India"
"278","Bajaj Electricals","BAJAJELEC.NS","2661","900.9","India"
"279","IFB Industries","IFBIND.NS","2653","1799.5","India"
"280","Polyplex","POLYPLEX.NS","2650","1169.65","India"
"281","Strides Pharma","STAR.NS","2647","1559.45","India"
"282","Subros","SUBROS.NS","2647","680","India"
"283","Century Textiles and Industries","CENTURYTEX.NS","2640","2718.95","India"
"284","Rain Industries","RAIN.NS","2640","172.98","India"
"285","Ratnamani Metals &amp; Tubes","RATNAMANI.NS","2637","3534.9","India"
"286","Adani Wilmar","AWL.NS","2600","337.45","India"
"287","United Spirits","UNITDSPR.BO","2598","1520.3","India"
"288","Geojit Financial Services","GEOJITFSL.NS","2568","137.94","India"
"289","Gabriel India","GABRIEL.NS","2556","458.35","India"
"290","Greenply","GREENPLY.NS","2549","378.5","India"
"291","Cera Sanitaryware","CERA.NS","2523","7899.65","India"
"292","Time Technoplast","TIMETECHNO.NS","2521","394.85","India"
"293","Shalby","SHALBY.NS","2490","263.5","India"
"294","ReNew Power","RNW","2481","496.8537","India"
"295","V-Guard Industries","VGUARD.NS","2477","440.1","India"
"296","LIC Housing Finance","LICHSGFIN.NS","2467","619.5","India"
"297","DLF","DLF.NS","2417","846.6","India"
"298","Mirza International","MIRZAINT.NS","2409","42.73","India"
"299","Prakash Industries","PRAKASH.NS","2404","169.26","India"
"300","West Coast Paper Mills","WSTCSTPAPR.NS","2386","611.25","India"
"301","Poonawalla Fincorp","POONAWALLA.NS","2384","380.7","India"
"302","Filatex India","FILATEX.NS","2383","57.86","India"
"303","Coffee Day Enterprises","COFFEEDAY.NS","2376","36.14","India"
"304","Tamil Nadu Newsprint and Papers Limited","TNPL.NS","2371","206.07","India"
"305","Dollar Industries","DOLLAR.NS","2323","545.55","India"
"306","JSW Energy","JSWENERGY.NS","2310","706.7","India"
"307","Lumax Industries","LUMAXIND.NS","2281","2466.9","India"
"308","Cantabil Retail India","CANTABIL.NS","2278","237.14","India"
"309","Greenlam Industries","GREENLAM.NS","2249","509.15","India"
"310","East India Distilleries Parry","EIDPARRY.NS","2230","812.9","India"
"311","Colgate-Palmolive India","COLPAL.NS","2221","3689.65","India"
"312","Wheels India","WHEELS.NS","2221","743.55","India"
"313","Sheela Foam","SFL.NS","2221","913.1","India"
"314","MPS Limited","MPSLTD.NS","2210","2092.3","India"
"315","Crompton Greaves Consumer Electricals","CROMPTON.NS","2190","430.85","India"
"316","Jindal Stainless (Hisar)","JSLHISAR.NS","2190","570","India"
"317","ZF Commercial Vehicle Control Systems India","ZFCVINDIA.NS","2181","15304.8","India"
"318","Grindwell Norton","GRINDWELL.NS","2178","2416.5","India"
"319","Sanofi India Limited","SANOFI.NS","2174","6915.1","India"
"320","Knr Constructions","KNRCON.NS","2173","318.4","India"
"321","Carborundum Universal","CARBORUNIV.NS","2160","1467.95","India"
"322","RITES","RITES.NS","2154","313.6","India"
"323","Craftsman Automation","CRAFTSMAN.NS","2154","6228.1","India"
"324","APL Apollo","APLAPOLLO.NS","2137","1571.7","India"
"325","Indian Metals &amp; Ferro Alloys","IMFA.NS","2128","706.75","India"
"326","Texmaco Rail &amp; Engineering","TEXRAIL.NS","2114","196.37","India"
"327","Ramkrishna Forgings","RKFORGE.NS","2112","999.3","India"
"328","Skipper Limited","SKIPPER.NS","2100","548.1","India"
"329","JBM Auto","JBMA.NS","2063","1774.55","India"
"330","MM Forgings","MMFL.NS","2054","571.25","India"
"331","Ashoka Buildcon","ASHOKA.NS","2030","251.64","India"
"332","Bodal Chemicals","BODALCHEM.NS","2025","82.91","India"
"333","VA Tech Wabag","WABAG.NS","2000","1562.45","India"
"334","Jindal Worldwide","JINDWORLD.NS","1979","313.9","India"
"335","Voltas","VOLTAS.NS","1938","1789.45","India"
"336","KSB ltd","KSB.NS","1937","997.8","India"
"337","Hikal","HIKAL.NS","1906","340","India"
"338","Greenpanel Industries","GREENPANEL.NS","1891","398.9","India"
"339","Somany Ceramics","SOMANYCERA.NS","1888","720.25","India"
"340","Chalet Hotels","CHALET.NS","1853","890","India"
"341","Tejas Networks","TEJASNET.NS","1843","1189.5","India"
"342","Monte Carlo Fashions","MONTECARLO.NS","1806","840.1","India"
"343","Nucleus Software Exports","NUCLEUS.NS","1782","1299.6","India"
"344","Solar Industries India","SOLARINDS.NS","1781","11318.4","India"
"345","Sequent Scientific","SEQUENT.NS","1771","192.72","India"
"346","Jindal Stainless","JSL.NS","1761","754.45","India"
"347","Dixon Technologies","DIXON.NS","1755","15143.6","India"
"348","Hyderabad Industries Limited","HIL.NS","1745","2848","India"
"349","Jindal Poly Films","JINDALPOLY.NS","1740","817.55","India"
"350","Graphite India","GRAPHITE.NS","1721","579.05","India"
"351","JTEKT India","JTEKTINDIA.NS","1719","175.94","India"
"352","Deepak Nitrite","DEEPAKNTR.NS","1694","2829.6","India"
"353","Nectar Lifesciences","NECLIFE.NS","1669","39.09","India"
"354","Galaxy Surfactants","GALAXYSURF.NS","1668","2931.1","India"
"355","Indian Telephone Industries","ITI.NS","1665","248.25","India"
"356","Prince Pipes And Fittings","PRINCEPIPE.NS","1665","546.95","India"
"357","HBL Power Systems","HBLPOWER.NS","1663","604.7","India"
"358","SKF India","SKFINDIA.NS","1662","5413.2","India"
"359","Marico","MARICO.NS","1657","685.5","India"
"360","Sumitomo Chemical
 India","SUMICHEM.NS","1649","545.1","India"
"361","Kewal Kiran Clothing","KKCL.NS","1648","666.25","India"
"362","Sandhar","SANDHAR.NS","1609","574.45","India"
"363","Adani Green Energy","ADANIGREEN.NS","1597","1792.2","India"
"364","Suzlon","SUZLON.NS","1592","74.39","India"
"365","Finolex Cables","FINCABLES.NS","1589","1298.15","India"
"366","Parag Milk Foods","PARAGMILK.NS","1572","227.29","India"
"367","Rico Auto Industries","RICOAUTO.NS","1558","107.91","India"
"368","Neuland Laboratories","NEULANDLAB.NS","1554","14247.6","India"
"369","Gujarat Alkalies and Chemicals","GUJALKALI.NS","1538","875.3","India"
"370","Gallantt Ispat","GALLISPAT.NS","1516","64.9","India"
"371","Suprajit Engineering","SUPRAJIT.NS","1514","505.4","India"
"372","Indorama Synthetics","INDORAMA.NS","1501","47.46","India"
"373","Chennai Petroleum","CHENNPETRO.NS","1486","909","India"
"374","Hindustan Copper","HINDCOPPER.NS","1476","315.85","India"
"375","Aarti Drugs","AARTIDRUGS.NS","1450","509.9","India"
"376","Sasken Technologies","SASKEN.NS","1443","1706.8","India"
"377","Asian Granito India","ASIANTILES.NS","1440","78.95","India"
"378","Apar Industries","APARINDS.NS","1428","10428.4","India"
"379","JCI Hitachi India","JCHAC.NS","1427","2560.85","India"
"380","SJVN","SJVN.NS","1418","120.19","India"
"381","Marksans Pharma","MARKSANS.NS","1412","289.15","India"
"382","GE Power India","GEPIL.NS","1405","404.05","India"
"383","Amber Enterprises India","AMBER.NS","1397","5019.85","India"
"384","Orient Paper Mills","ORIENTPPR.NS","1394","46.82","India"
"385","The Tinplate Company Of India","TINPLATE.NS","1388","430.5","India"
"386","Kirloskar Ferrous Industries","KIRLFER.NS","1385","460.05","India"
"387","Finolex Industries","FINPIPE.NS","1379","299.45","India"
"388","NBCC India","NBCC.NS","1367","114.06","India"
"389","BASF India","BASF.NS","1363","8168.25","India"
"390","Indian Railway Catering & Tourism","IRCTC.NS","1363","889.2","India"
"391","Container Corporation of India","CONCOR.NS","1359","893.9","India"
"392","Bayer Crop Science","BAYERCROP.NS","1321","6713.85","India"
"393","Reliance Power","RPOWER.NS","1305","44.23","India"
"394","Kuantum Papers","KUANTUM.NS","1304","137.7","India"
"395","AIA Engineering","AIAENG.NS","1287","4074.35","India"
"396","Sudarshan Chemical","SUDARSCHEM.NS","1285","1201.1","India"
"397","Orient Cement","ORIENTCEM.NS","1275","295.75","India"
"398","RPG Life Sciences","RPGLIFE.NS","1270","2806.9","India"
"399","Kellton Tech Solutions","KELLTONTEC.NS","1269","146.99","India"
"400","Elgi Equipments","ELGIEQUIP.NS","1258","671.6","India"
"401","Timken India","TIMKEN.NS","1256","3733.3","India"
"402","NACL Industries","NACLIND.NS","1254","53.14","India"
"403","Puravankara","PURVA.NS","1248","394.45","India"
"404","Schneider Electric Infrastructure","SCHNEIDER.NS","1232","860.45","India"
"405","360 One Wam","360ONE.NS","1226","1056.9","India"
"406","Dhampur Sugar Mills","DHAMPURSUG.NS","1213","213.59","India"
"407","Vaibhav Global","VAIBHAVGBL.NS","1199","300.65","India"
"408","Kaveri Seed","KSCL.NS","1198","935.65","India"
"409","Radico Khaitan","RADICO.NS","1196","2150.7","India"
"410","Praj Industries","PRAJIND.NS","1192","772.4","India"
"411","Action Construction Equipment","ACE.NS","1184","1343.85","India"
"412","PCBL Limited","PCBL.NS","1178","508.6","India"
"413","Accelya","ACCELYA.NS","1177","1767.85","India"
"414","Rupa Company","RUPA.NS","1152","287.35","India"
"415","India Glycols","INDIAGLYCO.NS","1151","1470.5","India"
"416","Cosmo First","COSMOFIRST.NS","1148","766.15","India"
"417","Hindustan Media Ventures","HMVL.NS","1146","94.1","India"
"418","3M India","3MINDIA.NS","1132","33995","India"
"419","Mangalam Cement","MANGLMCEM.NS","1114","862.3","India"
"420","Hindustan Construction Company","HCC.NS","1105","42.26","India"
"421","Kokuyo Camlin","KOKUYOCMLN.NS","1095","182.81","India"
"422","Yatra","YTRA","1095","142.919","India"
"423","HEG","HEG.NS","1075","2458.85","India"
"424","Gujarat Mineral Development","GMDCLTD.NS","1064","340","India"
"425","Heidelbergcement India","HEIDELBERG.NS","1063","224.39","India"
"426","Astra Microwave","ASTRAMICRO.NS","1058","860.1","India"
"427","Excel Industries","EXCELINDUS.NS","1047","1626.6","India"
"428","Chambal Fertilisers","CHAMBLFERT.NS","1035","497.5","India"
"429","Gujarat Gas","GUJGASLTD.NS","1034","600.1","India"
"430","Safari Industries India","SAFARI.NS","1004","2611","India"
"431","Orient Electric","ORIENTELEC.NS","1001","236.46","India"
"432","Automotive Axles","AUTOAXLES.NS","988","1881.2","India"
"433","Quick Heal","QUICKHEAL.NS","986","811.7","India"
"434","Sun TV Network","SUNTV.NS","979","783.85","India"
"435","Zydus Wellness","ZYDUSWELL.NS","975","1956.25","India"
"436","Capacit'e Infraprojects","CAPACITE.NS","970","396.4","India"
"437","Allcargo Logistics","ALLCARGO.NS","959","61.4","India"
"438","Paisalo Digital","PAISALO.NS","958","52.39","India"
"439","Oberoi Realty","OBEROIRLTY.NS","934","1919.15","India"
"440","SML Isuzu","SMLISUZU.NS","916","1835.4","India"
"441","Inox Wind","INOXWIND.NS","913","218.61","India"
"442","Repco Home Finance","REPCOHOME.NS","898","497.55","India"
"443","Aether Industries","AETHER.NS","889","948.5","India"
"444","Ashiana Housing","ASHIANA.NS","857","308.25","India"
"445","KCP Limited","KCP.NS","856","237.45","India"
"446","India Motor Parts and Accessories","IMPAL.NS","854","1287.6","India"
"447","Hinduja Ventures","NXTDIGITAL.NS","837","117","India"
"448","sterling &amp; wilson solar","SWSOLAR.NS","835","566.4","India"
"449","Apollo Pipes","APOLLOPIPE.NS","834","568.5","India"
"450","ESAB India","ESABINDIA.NS","820","6151.75","India"
"451","Campus Activewear","CAMPUS.NS","782","315.5","India"
"452","Mishra Dhatu Nigam","MIDHANI.NS","773","376.7","India"
"453","Sanghi Industries","SANGHIIND.NS","767","83.11","India"
"454","Bliss GVS Pharma","BLISSGVS.NS","763","128.06","India"
"455","Fine Organics","FINEORG.NS","760","5080.5","India"
"456","Honda Siel Power Products","HONDAPOWER.NS","754","4154.2","India"
"457","Infibeam Avenues","INFIBEAM.NS","750","28.79","India"
"458","Oriental Aromatics","OAL.NS","744","509.2","India"
"459","eMudhra","EMUDHRA.NS","733","952.5","India"
"460","GTPL Hathway","GTPL.NS","729","161.74","India"
"461","Indraprastha Gas","IGL.NS","710","540.55","India"
"462","Hudco","HUDCO.NS","703","223.1","India"
"463","Syrma SGS Technology","SYRMA.NS","697","416.85","India"
"464","GTL Infrastructure","GTLINFRA.NS","669","2.36","India"
"465","Vadilal Industries","VADILALIND.NS","668","4048.85","India"
"466","Shankara Building","SHANKARA.NS","664","516.1","India"
"467","Hathway","HATHWAY.NS","658","20.09","India"
"468","Mangalore Chemicals and Fertilizers","MANGCHEFER.NS","651","140.04","India"
"469","Vst Tillers Tractors","VSTTILLERS.NS","649","4512.55","India"
"470","Igarashi Motors India","IGARASHI.NS","648","638.35","India"
"471","Castrol India","CASTROLIND.NS","630","227.82","India"
"472","Network18","NETWORK18.NS","620","81.36","India"
"473","Southern Petrochemical Industries Corp","SPIC.NS","617","84.54","India"
"474","Borosil","BORORENEW.NS","602","461.9","India"
"475","Rane Brake Lining","RBL.NS","597","1159.9","India"
"476","Gulf Oil Lubricants","GULFOILLUB.NS","585","1313.45","India"
"477","Hester Biosciences","HESTERBIO.NS","584","2348.65","India"
"478","Mahindra Lifespaces","MAHLIFE.NS","580","508.15","India"
"479","Wonderla Holidays","WONDERLA.NS","573","903.05","India"
"480","India Tourism Development Corp","ITDC.NS","567","658.1","India"
"481","CARE's Ratings","CARERATING.NS","563","1230.35","India"
"482","India Nippon Electricals","INDNIPPON.NS","561","705.6","India"
"483","Vesuvius India","VESUVIUS.NS","559","5345.35","India"
"484","Imagicaaworld Entertainment","IMAGICAA.NS","554","79.54","India"
"485","Sterling Tools","STERTOOLS.NS","554","574.65","India"
"486","Astec Lifesciences","ASTEC.NS","551","1093.2","India"
"487","Adani Total Gas","ATGL.NS","549","757.35","India"
"488","Ingersoll Rand India","INGERRAND.NS","536","4434.75","India"
"489","RattanIndia Power","RTNPOWER.NS","524","16.44","India"
"490","Petronet LNG","PETRONET.NS","519","355.15","India"
"491","MapmyIndia","MAPMYINDIA.NS","510","2135.15","India"
"492","Tide Water Oil","TIDEWATER.NS","509","2140.4","India"
"493","EaseMyTrip","EASEMYTRIP.NS","508","34.19","India"
"494","Power Finance Corp","PFC.NS","501","467.85","India"
"495","Navkar Corp","NAVKARCORP.NS","495","125.42","India"
"496","General Insurance Corporation of India","GICRE.NS","494","390.4","India"
"497","Mahanagar Gas","MGL.NS","491","1834","India"
"498","BSE","BSE.NS","485","4496.45","India"
"499","INEOS Styrolution","INEOSSTYRO.NS","479","807.8","India"
"500","Ebixcash India","EBIXFOREX.NS","474","614.5517","India"
"501","Omaxe","OMAXE.NS","468","129.26","India"
"502","Reliance Communications","RCOM.NS","464","2.58","India"
"503","Symphony Limited","SYMPHONY.NS","462","1824.7","India"
"504","I.g. Petrochemicals","IGPL.NS","461","586.2","India"
"505","Aptech","APTECHT.NS","458","214.83","India"
"506","Sunteck Realty","SUNTECK.NS","453","556.25","India"
"507","Rural Electrification Corp","RECLTD.NS","440","537.9","India"
"508","Procter &amp; Gamble India","PGHH.NS","432","16634.9","India"
"509","Azure Power","AZREF","427","25.221","India"
"510","Ethos Watches","ETHOSLTD.NS","424","3092.85","India"
"511","Radio City","RADIOCITY.NS","415","15.73","India"
"512","Vedant Fashions","MANYAVAR.NS","409","1320.05","India"
"513","SPARC","SPARC.NS","403","213.18","India"
"514","Wendt India","WENDT.NS","388","14724.2","India"
"515","Tata Teleservices","TTML.NS","385","81.9","India"
"516","Dish TV","DISHTV.NS","376","14.25","India"
"517","Olectra Greentech","OLECTRA.NS","337","1752.1","India"
"518","TANLA","TANLA.NS","336","858.1","India"
"519","IDFC","IDFC.NS","328","108.78","India"
"520","Voltamp Transformers","VOLTAMP.NS","320","13599","India"
"521","MSTC Limited","MSTCLTD.NS","315","686.15","India"
"522","Multi Commodity Exchange","MCX.NS","308","6410.55","India"
"523","Alembic Limited","ALEMBICLTD.NS","271","138.38","India"
"524","CDSL","CDSL.NS","246","1478.05","India"
"525","Linde India","LINDEINDIA.NS","242","8147.75","India"
"526","Kingfa Science & Technology","KINGFA.NS","221","3333.45","India"
"527","Foseco India","FOSECOIND.NS","220","4706","India"
"528","Anup Engineering","ANUP.NS","205","2735.15","India"
"529","Anant Raj","ANANTRAJ.NS","204","750.2","India"
"530","Sundaram Finance","SUNDARMHLD.NS","193","346.95","India"
"531","Zee Learn","ZEELEARN.NS","193","11.1","India"
"532","PDS Multinational","PDSL.NS","180","520.3","India"
"533","Unitech Group","UNITECH.NS","175","11.18","India"
"534","Confidence Petroleum","CONFIPET.NS","163","81.39","India"
"535","Rajesh Exports","RAJESHEXPO.NS","135","291.45","India"
"536","KIOCL","KIOCL.NS","120","372.2","India"
"537","Rane Holdings","RANEHOLDIN.NS","115","1989.7","India"
"538","MEP Infrastructure","MEP.NS","111","4.26","India"
"539","PTC India","PTC.NS","102","197.38","India"
"540","Phoenix Mills","PHOENIXLTD.NS","96","1628.95","India"
"541","Hindustan Oil Exploration Company","HINDOILEXP.NS","94","217.78","India"
"542","Nelco","NELCO.NS","93","1002.25","India"
"543","Balaji Telefilms","BALAJITELE.NS","87","63.26","India"
"544","Nazara Technologies","NAZARA.NS","73","923.4","India"
"545","Vidhi Specialty Food","VIDHIING.NS","71","480.55","India"
"546","Kalyani Steels","KSL.NS","66","834.35","India"
"547","PTC Financial Services","PFS.NS","48","47.96","India"
"548","GMR Group","GMRINFRA.NS","40","88.42","India"
"549","Indian Railway Finance","IRFC.NS","37","152.4","India"
"550","Tata Investment Corporation","TATAINVEST.NS","23","7048.3","India"
"551","Srei Infrastructure Finance","SREINFRA.NS","20","2.1","India"
"552","Gati","GATI.NS","20","137.05","India"
"553","Bajaj Holdings &amp; Investment","BAJAJHLDNG.NS","18","10851.1","India"
"554","Max Financial Services","MFSL.NS","12","1185.55","India"
"555","N.B.I. Industrial Finance","NBIFIN.NS","5","2388.3","India"
"556","Jump Networks","JUMPNET.NS","3","10.0884","India"
"557","JSW Holdings","JSWHL.NS","2","8974.75","India"
"558","ICICI Securities","ISEC.NS","0","829.45","India"
"559","Adani Energy Solutions","ADANIENSOL.NS","0","976.8","India"
"560","Embassy Office Parks REIT","EMBASSY.BO","0","387.76","India"
"561","Jio Financial Services","JIOFIN.NS","0","341.5","India"
"562","PVR INOX","PVRINOX.NS","0","1620.5","India"
"563","Granules India","GRANULES.NS","0","603.85","India"
"564","Persistent Systems","PERSISTENT.NS","0","5469.55","India"
"565","Global Health Limited (Medanta)","MEDANTA.NS","0","1024.7","India"
"566","Future Supply Chain Solutions","FSC.NS","0","2.12","India"
"567","Aditya Birla Fashion and Retail","ABFRL.NS","0","340.25","India"
"568","Gateway Distriparks","GATEWAY.NS","0","87.79","India"
"569","Star Health and Allied Insurance Company","STARHEALTH.NS","0","547.6","India"
"570","Bharti Hexacom","BHARTIHEXA.NS","0","1445.4","India"
"571","KFin Technologies","KFINTECH.NS","0","1044.1","India"
"572","KEI Industries","KEI.NS","0","4575.95","India"
"573","SpiceJet","SPICEJET.BO","0","67.29","India"
"574","Mankind Pharma","MANKIND.NS","0","2792.55","India"
"575","Avalon Technologies","AVALON.NS","0","626.55","India"
"576","Lux Industries","LUXIND.NS","0","2073.15","India"
"577","MMTC","MMTC.NS","0","85.06","India"
"578","Ola Electric Mobility","OLAELEC.NS","0","90.2","India"
"579","Modern Dairies Limited","MODAIRY.BO","0","56.06","India"
"580","Kalyan Jewellers India","KALYANKJIL.NS","0","720.3","India"
"581","Indian Energy Exchange","IEX.NS","0","204.59","India"
"582","Narayana Hrudayalaya","NH.NS","0","1221.2","India"
"583","Milkfood Limited","MLKFOOD.BO","0","137.25","India"
"584","Metro Brands","METROBRAND.NS","0","1225.6","India"
"585","Rashtriya Chemicals and Fertilizers","RCF.NS","0","179.82","India"
"586","Hitachi Energy India","POWERINDIA.NS","0","15899.2","India"
