"Rank","Name","Symbol","earnings_ttm","price (INR)","country"
"1","Reliance Industries","RELIANCE.NS","12437000000","2744.2","India"
"2","State Bank of India","SBIN.NS","11098800000","799.75","India"
"3","HDFC Bank","HDB","9928920000","5089.5978","India"
"4","Oil &amp; Natural Gas","ONGC.NS","9349900000","292.55","India"
"5","ICICI Bank","IBN","7654640000","2412.809","India"
"6","Tata Consultancy Services","TCS.NS","7564950000","4149.2","India"
"7","Coal India","COALINDIA.NS","6344690000","492.95","India"
"8","Indian Oil","IOC.NS","5126300000","163.15","India"
"9","Bajaj Finserv","BAJAJFINSV.NS","5064850000","1876.4","India"
"10","Life Insurance Corporation of India (LIC)","LICI.NS","5026470000","948.85","India"
"11","NTPC Limited","NTPC.NS","4822130000","422.5","India"
"12","Infosys","INFY","4512000000","1927.7251","India"
"13","Axis Bank","AXISBANK.BO","4277390000","1172.4","India"
"14","Power Finance Corp","PFC.NS","4211510000","467.85","India"
"15","Tata Motors","TATAMOTORS.NS","3861840000","930.7","India"
"16","Vedanta","VEDL.NS","3691970000","497.5","India"
"17","Kotak Mahindra Bank","KOTAKBANK.NS","3371630000","1882.4","India"
"18","Powergrid Corporation of India","POWERGRID.NS","3354560000","330.05","India"
"19","ITC","ITC.NS","3263740000","488.2","India"
"20","Bank of Baroda","BANKBARODA.NS","3167000000","242.42","India"
"21","Bharat Petroleum","BPCL.NS","3116460000","337.65","India"
"22","Larsen &amp; Toubro","LT.NS","2930180000","3482.55","India"
"23","Mahindra &amp; Mahindra","M&M.NS","2863640000","3134.35","India"
"24","HCL Technologies","HCLTECH.NS","2638590000","1839.65","India"
"25","Canara Bank","CANBK.NS","2533980000","104.06","India"
"26","Bajaj Finance","BAJFINANCE.NS","2403910000","7302","India"
"27","Adani Power","ADANIPOWER.NS","2389890000","642.3","India"
"28","Hindalco Industries","HINDALCO.NS","2303310000","747.35","India"
"29","Maruti Suzuki India","MARUTI.NS","2299180000","12776.6","India"
"30","Rural Electrification Corp","RECLTD.NS","2231590000","537.9","India"
"31","Punjab National Bank","PNB.NS","2152210000","104.91","India"
"32","Bharti Airtel","BHARTIARTL.NS","2023080000","1687.4","India"
"33","Wipro","WIT","2004780000","535.5259","India"
"34","GAIL","GAIL.NS","1821990000","229.4","India"
"35","Hindustan Petroleum","HINDPETRO.NS","1786590000","395.5","India"
"36","Hindustan Unilever","HINDUNILVR.NS","1723800000","2783.2","India"
"37","Adani Ports & SEZ","ADANIPORTS.NS","1663510000","1408.25","India"
"38","Union Bank of India","UNIONBANK.NS","1630410000","114.12","India"
"39","Grasim Industries","GRASIM.NS","1589220000","2725.55","India"
"40","Indian Railway Finance","IRFC.NS","1458920000","152.4","India"
"41","InterGlobe Aviation","INDIGO.NS","1456680000","4693.45","India"
"42","IndusInd Bank","INDUSINDBK.NS","1445630000","1347.6","India"
"43","Sun Pharmaceutical","SUNPHARMA.NS","1444270000","1901.95","India"
"44","Hindustan Zinc","HINDZINC.NS","1408640000","504.15","India"
"45","JSW Steel","JSWSTEEL.NS","1354830000","1012.05","India"
"46","Hindustan Aeronautics","HAL.NS","1290300000","4446.15","India"
"47","Bajaj Auto","BAJAJ-AUTO.NS","1250980000","11877","India"
"48","Shriram Transport Finance","SHRIRAMFIN.NS","1239670000","3341.2","India"
"49","UltraTech Cement","ULTRACEMCO.NS","1237670000","11421.3","India"
"50","Adani Enterprises","ADANIENT.NS","1180050000","3137.2","India"
"51","Bank of India","BANKINDIA.NS","1168980000","105.53","India"
"52","Oil India","OIL.NS","1164700000","584.55","India"
"53","RattanIndia Power","RTNPOWER.NS","1139550000","16.44","India"
"54","Indian Bank","INDIANB.NS","1078110000","524.55","India"
"55","Indus Towers","INDUSTOWER.NS","1068820000","378.5","India"
"56","National Mineral Development Corporation","NMDC.NS","1013490000","233.68","India"
"57","General Insurance Corporation of India","GICRE.NS","1004470000","390.4","India"
"58","Jindal Steel &amp; Power","JINDALSTEL.NS","965456000","1005.85","India"
"59","Bajaj Holdings &amp; Investment","BAJAJHLDNG.NS","921514000","10851.1","India"
"60","Ashok Leyland","ASHOKLEY.NS","891103000","227.86","India"
"61","Dr. Reddy's","RDY","872386000","6578.4775","India"
"62","Asian Paints","ASIANPAINT.NS","821994000","3037.2","India"
"63","Tata Steel","TATASTEEL.NS","818966000","160.66","India"
"64","IDBI Bank","IDBI.NS","776579000","83.28","India"
"65","Muthoot Finance","MUTHOOTFIN.NS","748583000","1945.45","India"
"66","LTIMindtree","LTIM.NS","744673000","6410.95","India"
"67","LIC Housing Finance","LICHSGFIN.NS","726932000","619.5","India"
"68","Cipla","CIPLA.NS","721746000","1595.75","India"
"69","Ambuja Cements","AMBUJACEM.NS","694376000","585.2","India"
"70","Tata Power","TATAPOWER.NS","689898000","461.15","India"
"71","Bharat Electronics","BEL.NS","673791000","285.9","India"
"72","Hero MotoCorp","HEROMOTOCO.NS","662238000","5476.3","India"
"73","Eicher Motors","EICHERMOT.NS","658369000","4728.05","India"
"74","Federal Bank","FEDERALBNK.NS","655867000","187.55","India"
"75","Zydus Lifesciences","ZYDUSLIFE.NS","652646000","1064.4","India"
"76","Titan Company","TITAN.NS","640442000","3474.4","India"
"77","Samvardhana Motherson","MOTHERSON.NS","629379000","212.82","India"
"78","Aurobindo Pharma","AUROPHARMA.NS","625994000","1495.85","India"
"79","Petronet LNG","PETRONET.NS","625207000","355.15","India"
"80","Cholamandalam Investment and Finance","CHOLAFIN.NS","591579000","1501.05","India"
"81","Aditya Birla Capital","ABCAPITAL.NS","569611000","220.84","India"
"82","NHPC Limited","NHPC.NS","565940000","90.92","India"
"83","Motilal Oswal Financial Services","MOTILALOFS.NS","544029000","808.55","India"
"84","JSW Energy","JSWENERGY.NS","526843000","706.7","India"
"85","Bank of Maharashtra","MAHABANK.NS","519607000","54.24","India"
"86","Nestl√© India","NESTLEIND.NS","519121000","2511.8","India"
"87","Torrent Power","TORNTPOWER.NS","496559000","1886.4","India"
"88","Jindal Stainless","JSL.NS","491725000","754.45","India"
"89","Steel Authority of India","SAIL.NS","464966000","134.03","India"
"90","IDFC FIRST Bank","IDFCFIRSTB.NS","445853000","72.37","India"
"91","Chennai Petroleum","CHENNPETRO.NS","436646000","909","India"
"92","DMart","DMART.NS","434389000","4572.7","India"
"93","Biocon","BIOCON.NS","415862000","346.15","India"
"94","Prestige Group","PRESTIGE.NS","414839000","1854.5","India"
"95","Tech Mahindra","TECHM.NS","412257000","1647.05","India"
"96","Bandhan Bank","BANDHANBNK.NS","408335000","210.26","India"
"97","Siemens India","SIEMENS.NS","399837000","7749.9","India"
"98","Adani Energy Solutions","ADANIENSOL.NS","393896000","976.8","India"
"99","BOSCH India","BOSCHLTD.NS","393006000","38486.8","India"
"100","SBI Card","SBICARD.NS","388293000","733.75","India"
"101","Varun Beverages","VBL.NS","388093000","592.35","India"
"102","Bombay Burmah","BBTC.NS","386234000","2643.85","India"
"103","Lupin Limited","LUPIN.NS","374319000","2224.5","India"
"104","Madras Rubber Factory","MRF.NS","373642000","132198","India"
"105","Britannia Industries","BRITANNIA.NS","373476000","5978.5","India"
"106","NLC India","NLCINDIA.NS","371154000","266.1","India"
"107","National Aluminum &amp; Alloy","NATIONALUM.NS","367325000","222.92","India"
"108","Oberoi Realty","OBEROIRLTY.NS","364941000","1919.15","India"
"109","Hudco","HUDCO.NS","351762000","223.1","India"
"110","Apollo Tyres","APOLLOTYRE.NS","342689000","505.05","India"
"111","Indian Overseas Bank","IOB.NS","340834000","54.29","India"
"112","TVS Motor","TVSMOTOR.NS","337954000","2794.35","India"
"113","ICICI Lombard","ICICIGI.NS","337256000","2067.35","India"
"114","Shree Cement","SHREECEM.NS","336374000","24337","India"
"115","Torrent Pharmaceuticals","TORNTPHARM.NS","336358000","3497.05","India"
"116","ACC","ACC.NS","334041000","2312.45","India"
"117","ICICI Securities","ISEC.NS","314602000","829.45","India"
"118","Sun TV Network","SUNTV.NS","305736000","783.85","India"
"119","Dabur","DABUR.NS","303337000","570.85","India"
"120","Pidilite","PIDILITIND.NS","300742000","3110.2","India"
"121","Indraprastha Gas","IGL.NS","299921000","540.55","India"
"122","Mankind Pharma","MANKIND.NS","297226000","2792.55","India"
"123","Central Bank of India","CENTRALBK.NS","294306000","56.96","India"
"124","Lodha Group","LODHA.NS","293254000","1169.85","India"
"125","IIFL Finance","IIFL.NS","286943000","469.55","India"
"126","Alkem Laboratories","ALKEM.NS","286342000","6191.3","India"
"127","Polycab India","POLYCAB.NS","283577000","7446.85","India"
"128","Cummins India","CUMMINSIND.NS","281712000","3614.15","India"
"129","East India Distilleries Parry","EIDPARRY.NS","275168000","812.9","India"
"130","Divis Laboratories","DIVISLAB.NS","273087000","6142.25","India"
"131","Mphasis","MPHASIS.NS","272094000","2876.35","India"
"132","Poonawalla Fincorp","POONAWALLA.NS","271405000","380.7","India"
"133","DLF","DLF.NS","268255000","846.6","India"
"134","Karur Vysya Bank","KARURVYSYA.NS","267002000","199.04","India"
"135","GMR Group","GMRINFRA.NS","266136000","88.42","India"
"136","Trent Limited","TRENT.NS","265232000","8234.95","India"
"137","ABB India","ABB.NS","259981000","8553.7","India"
"138","AU Small Finance Bank","AUBANK.NS","258750000","690.4","India"
"139","Balkrishna Industries","BALKRISIND.NS","258223000","3023.4","India"
"140","Coromandel","COROMANDEL.NS","257245000","1638.95","India"
"141","Chambal Fertilisers","CHAMBLFERT.NS","250615000","497.5","India"
"142","SBI Life Insurance","SBILIFE.NS","250586000","1735.05","India"
"143","Phoenix Mills","PHOENIXLTD.NS","248714000","1628.95","India"
"144","PI Industries","PIIND.NS","246078000","4523.6","India"
"145","Natco Pharma","NATCOPHARM.NS","239737000","1436.25","India"
"146","Marico","MARICO.NS","237112000","685.5","India"
"147","Jindal Stainless (Hisar)","JSLHISAR.NS","232600000","570","India"
"148","Havells India","HAVELLS.NS","230470000","1938.5","India"
"149","Indian Hotels Company","INDHOTEL.NS","229611000","708.55","India"
"150","Colgate-Palmolive India","COLPAL.NS","228904000","3689.65","India"
"151","Apollo Hospitals","APOLLOHOSP.NS","226341000","6983.4","India"
"152","Adani Green Energy","ADANIGREEN.NS","226124000","1792.2","India"
"153","Redington India","REDINGTON.NS","225915000","184.3","India"
"154","United Spirits","UNITDSPR.BO","224624000","1520.3","India"
"155","Bharat Forge","BHARATFORG.NS","223839000","1492.35","India"
"156","L&amp;T Technology Services","LTTS.NS","222992000","5234.2","India"
"157","SRF Limited","SRF.NS","222905000","2348.75","India"
"158","360 One Wam","360ONE.NS","221672000","1056.9","India"
"159","Reliance Infrastructure","RELINFRA.NS","221483000","284.65","India"
"160","Tube Investments of India","TIINDIA.NS","218629000","4225.65","India"
"161","SJVN","SJVN.NS","215367000","120.19","India"
"162","Yes Bank","YESBANK.NS","211545000","21.4","India"
"163","Tata Communications","TATACOMM.NS","211432000","1963.75","India"
"164","HDFC Life","HDFCLIFE.NS","209158000","723.85","India"
"165","Container Corporation of India","CONCOR.NS","209024000","893.9","India"
"166","Gujarat Gas","GUJGASLTD.NS","206574000","600.1","India"
"167","JK Cement","JKCEMENT.NS","206318000","4238.75","India"
"168","Indiabulls Housing Finance","IBULHSGFIN.NS","202846000","164.4","India"
"169","Abbott India","ABBOTINDIA.NS","201259000","28808.2","India"
"170","Tata Consumer Products","TATACONSUM.NS","198616000","1113.1","India"
"171","Karnataka Bank","KTKBANK.NS","195902000","228.2","India"
"172","Berger Paints","BERGEPAINT.NS","194547000","571.55","India"
"173","Indian Railway Catering & Tourism","IRCTC.NS","193625000","889.2","India"
"174","Mahanagar Gas","MGL.NS","193533000","1834","India"
"175","Persistent Systems","PERSISTENT.NS","190805000","5469.55","India"
"176","WNS","WNS","189537000","4005.0948","India"
"177","South Indian Bank","SOUTHBANK.NS","184121000","23.86","India"
"178","Patanjali Foods","PATANJALI.NS","178106000","1743.5","India"
"179","Supreme Industries","SUPREMEIND.NS","177538000","5224.4","India"
"180","AIA Engineering","AIAENG.NS","175031000","4074.35","India"
"181","Godrej Properties","GODREJPROP.NS","170599000","3014.25","India"
"182","Escorts Kubota","ESCORTS.NS","170069000","3937.95","India"
"183","Solar Industries India","SOLARINDS.NS","169206000","11318.4","India"
"184","RBL Bank","RBLBANK.NS","168719000","204.41","India"
"185","Star Health and Allied Insurance Company","STARHEALTH.NS","167271000","547.6","India"
"186","Max Healthcare Institute","MAXHEALTH.NS","166064000","939.8","India"
"187","Adani Wilmar","AWL.NS","165662000","337.45","India"
"188","New India Assurance","NIACL.NS","163973000","209.68","India"
"189","Exide Industries","EXIDEIND.NS","163907000","530.5","India"
"190","Godawari Power &amp; Ispat","GPIL.NS","163581000","190.9","India"
"191","Amara Raja Batteries","ARE&M.NS","163258000","1406.9","India"
"192","UNO Minda","UNOMINDA.NS","162974000","985.75","India"
"193","Graphite India","GRAPHITE.NS","162351000","579.05","India"
"194","Electrosteel Castings","ELECTCAST.NS","161461000","202.3","India"
"195","Bharti Hexacom","BHARTIHEXA.NS","159122000","1445.4","India"
"196","City Union Bank","CUB.NS","156430000","153.9","India"
"197","Schaeffler India","SCHAEFFLER.NS","148257000","3898.35","India"
"198","CG Power and Industrial Solutions","CGPOWER.NS","148068000","858.15","India"
"199","Castrol India","CASTROLIND.NS","143350000","227.82","India"
"200","CIE Automotive India","CIEINDIA.NS","143259000","541.2","India"
"201","Deepak Nitrite","DEEPAKNTR.NS","142925000","2829.6","India"
"202","Finolex Industries","FINPIPE.NS","140890000","299.45","India"
"203","Coforge","COFORGE.NS","139436000","7380.6","India"
"204","Kalyan Jewellers India","KALYANKJIL.NS","137836000","720.3","India"
"205","KEC International","KEC.NS","137238000","998.7","India"
"206","Kalpataru Power Transmission","KALPATPOWR.NS","136176000","522.85","India"
"207","Gland Pharma","GLAND.NS","134040000","1698.55","India"
"208","Apar Industries","APARINDS.NS","133623000","10428.4","India"
"209","NCC Limited","NCC.NS","133015000","298.45","India"
"210","Dalmia Bharat","DALBHARAT.NS","129529000","1872.95","India"
"211","Tata Elxsi","TATAELXSI.NS","128940000","7675.15","India"
"212","Thermax","THERMAX.NS","124735000","5155.25","India"
"213","Fortis Healthcare","FORTIS.NS","123547000","600.3","India"
"214","Embassy Office Parks REIT","EMBASSY.BO","122671000","387.76","India"
"215","Ipca Laboratories","IPCALAB.NS","121422000","1655.05","India"
"216","Cyient","CYIENT.NS","120969000","1851.2","India"
"217","Ashoka Buildcon","ASHOKA.NS","120011000","251.64","India"
"218","Knr Constructions","KNRCON.NS","119499000","318.4","India"
"219","Info Edge","NAUKRI.NS","119250000","8363.3","India"
"220","Finolex Cables","FINCABLES.NS","116879000","1298.15","India"
"221","ICICI Prulife","ICICIPRULI.NS","116690000","742.55","India"
"222","APL Apollo","APLAPOLLO.NS","116328000","1571.7","India"
"223","Procter &amp; Gamble India","PGHH.NS","115996000","16634.9","India"
"224","PCBL Limited","PCBL.NS","115817000","508.6","India"
"225","Endurance Technologies","ENDURANCE.NS","113921000","2343.35","India"
"226","Adani Total Gas","ATGL.NS","111260000","757.35","India"
"227","Punjab &amp; Sind Bank","PSB.NS","109977000","52.16","India"
"228","Narayana Hrudayalaya","NH.NS","109768000","1221.2","India"
"229","Nerolac Paints","KANSAINER.NS","109632000","288.75","India"
"230","EIH Limited","EIHOTEL.NS","108723000","430.2","India"
"231","BASF India","BASF.NS","108476000","8168.25","India"
"232","KPIT Technologies","KPITTECH.NS","108100000","1789.05","India"
"233","CRISIL","CRISIL.NS","105964000","4711.85","India"
"234","Jio Financial Services","JIOFIN.NS","105428000","341.5","India"
"235","Zensar","ZENSARTECH.NS","105087000","694.95","India"
"236","IDFC","IDFC.NS","104742000","108.78","India"
"237","KEI Industries","KEI.NS","104438000","4575.95","India"
"238","MakeMyTrip","MMYT","103869000","8490.2293","India"
"239","Suzlon","SUZLON.NS","103326000","74.39","India"
"240","CEAT","CEATLTD.NS","103303000","3010.7","India"
"241","Bayer Crop Science","BAYERCROP.NS","102194000","6713.85","India"
"242","Raymond","RAYMOND.NS","102156000","1603.45","India"
"243","DCM Shriram","DCMSHRIRAM.NS","101876000","1018.25","India"
"244","West Coast Paper Mills","WSTCSTPAPR.NS","100572000","611.25","India"
"245","Ramco Cements","RAMCOCEM.NS","99361200","861.55","India"
"246","Emami","EMAMILTD.NS","98404700","730.25","India"
"247","3M India","3MINDIA.NS","98310200","33995","India"
"248","Ratnamani Metals &amp; Tubes","RATNAMANI.NS","98202500","3534.9","India"
"249","Page Industries","PAGEIND.NS","97587100","45370.2","India"
"250","Tata Chemicals","TATACHEM.NS","95056000","1183.1","India"
"251","Glenmark Pharmaceuticals","GLENMARK.NS","94845300","1790.65","India"
"252","Voltas","VOLTAS.NS","94783200","1789.45","India"
"253","Bharat Dynamics","BDL.NS","93917500","1221.95","India"
"254","Gujarat Mineral Development","GMDCLTD.NS","93502900","340","India"
"255","Spandana Sphoorty Financial","SPANDANA.NS","91294500","538.15","India"
"256","Astral Poly Technik","ASTRAL.NS","91043400","1897.45","India"
"257","Hindustan Construction Company","HCC.NS","89991800","42.26","India"
"258","SKF India","SKFINDIA.NS","89190200","5413.2","India"
"259","CSB Bank","CSBBANK.NS","88504300","307.3","India"
"260","Force Motors","FORCEMOT.NS","87982700","7099.9","India"
"261","Honeywell Automation India","HONAUT.NS","86891900","50303.6","India"
"262","eClerx Services","ECLERX.NS","86674400","3090.55","India"
"263","Alembic Pharmaceuticals","APLLTD.NS","85726200","1171.7","India"
"264","Blue Star","BLUESTARCO.NS","85240700","2019.3","India"
"265","TANLA","TANLA.NS","83284400","858.1","India"
"266","Sanofi India Limited","SANOFI.NS","81712500","6915.1","India"
"267","Piramal Pharma","PPLPHARMA.NS","81226800","221.3","India"
"268","Dixon Technologies","DIXON.NS","80857500","15143.6","India"
"269","PTC India","PTC.NS","79993200","197.38","India"
"270","Granules India","GRANULES.NS","79614300","603.85","India"
"271","Aavas Financiers","AAVAS.NS","78462100","1718.85","India"
"272","Carborundum Universal","CARBORUNIV.NS","77845800","1467.95","India"
"273","Syngene International","SYNGENE.NS","77494100","879.9","India"
"274","Jubilant Pharmova","JUBLPHARMA.NS","77415900","1146.35","India"
"275","Welspun India","WELSPUNIND.NS","76122400","158.95","India"
"276","CDSL","CDSL.NS","75963500","1478.05","India"
"277","Global Health Limited (Medanta)","MEDANTA.NS","75607700","1024.7","India"
"278","RITES","RITES.NS","75352100","313.6","India"
"279","Godrej","GODREJCP.NS","75274500","1315.7","India"
"280","Trident","TRIDENT.NS","75070700","35.3","India"
"281","Zomato","ZOMATO.NS","74880800","277.55","India"
"282","BSE","BSE.NS","74845400","4496.45","India"
"283","Crompton Greaves Consumer Electricals","CROMPTON.NS","74510600","430.85","India"
"284","Zee Entertainment","ZEEL.NS","73771100","130.15","India"
"285","Shriram Pistons &amp; Rings","SHRIPISTON.NS","72797900","2210.3","India"
"286","United Breweries","UBL.NS","72521500","2085.95","India"
"287","ReNew Power","RNW","72496300","496.8537","India"
"288","NBCC India","NBCC.NS","71860600","114.06","India"
"289","Linde India","LINDEINDIA.NS","71650700","8147.75","India"
"290","Sumitomo Chemical
 India","SUMICHEM.NS","71332700","545.1","India"
"291","Puravankara","PURVA.NS","68762000","394.45","India"
"292","Dr Lal PathLabs","LALPATHLAB.NS","67860100","3505.95","India"
"293","Time Technoplast","TIMETECHNO.NS","67685500","394.85","India"
"294","Kajaria Ceramics","KAJARIACER.NS","67359900","1408","India"
"295","Huhtamaki India","HUHTAMAKI.NS","66727800","400.2","India"
"296","Fine Organics","FINEORG.NS","66482400","5080.5","India"
"297","ZF Commercial Vehicle Control Systems India","ZFCVINDIA.NS","66247500","15304.8","India"
"298","Bata India","BATAINDIA.NS","65274400","1406.1","India"
"299","Indian Metals &amp; Ferro Alloys","IMFA.NS","65202500","706.75","India"
"300","Asahi India Glass","ASAHIINDIA.NS","65198700","735.5","India"
"301","Repco Home Finance","REPCOHOME.NS","65018400","497.55","India"
"302","Century Textiles and Industries","CENTURYTEX.NS","64943100","2718.95","India"
"303","Metro Brands","METROBRAND.NS","64624200","1225.6","India"
"304","Timken India","TIMKEN.NS","63767600","3733.3","India"
"305","Edelweiss Financial Services","EDELWEISS.NS","62187600","127.87","India"
"306","Grindwell Norton","GRINDWELL.NS","61415500","2416.5","India"
"307","Jubilant FoodWorks","JUBLFOOD.NS","61341400","629.7","India"
"308","Surya Roshni","SURYAROSNI.NS","61193100","722.15","India"
"309","Vedant Fashions","MANYAVAR.NS","60945100","1320.05","India"
"310","Hindustan Copper","HINDCOPPER.NS","60328900","315.85","India"
"311","IndiaMART","INDIAMART.NS","60268900","3011.4","India"
"312","Varroc","VARROC.NS","59429200","575.7","India"
"313","Indian Energy Exchange","IEX.NS","59216400","204.59","India"
"314","Chalet Hotels","CHALET.NS","59150600","890","India"
"315","Power Mech Projects","POWERMECH.NS","58958000","3108.4","India"
"316","Elgi Equipments","ELGIEQUIP.NS","58559200","671.6","India"
"317","Atul","ATUL.NS","58095700","7888.8","India"
"318","Max Financial Services","MFSL.NS","57486300","1185.55","India"
"319","Jain Irrigation Systems","JISLDVREQS.NS","57032900","33.92","India"
"320","Gujarat Fluorochemicals","FLUOROCHEM.NS","57030200","4693.85","India"
"321","Ramkrishna Forgings","RKFORGE.NS","56608500","999.3","India"
"322","Aarti Industries","AARTIIND.NS","56346400","529.2","India"
"323","Himatsingka Seide","HIMATSEIDE.NS","55196200","147.55","India"
"324","Marksans Pharma","MARKSANS.NS","55139300","289.15","India"
"325","Action Construction Equipment","ACE.NS","54787900","1343.85","India"
"326","Neuland Laboratories","NEULANDLAB.NS","53801900","14247.6","India"
"327","Rashtriya Chemicals and Fertilizers","RCF.NS","52835900","179.82","India"
"328","Whirlpool India","WHIRLPOOL.NS","52447200","2367.15","India"
"329","Gulf Oil Lubricants","GULFOILLUB.NS","52168500","1313.45","India"
"330","Voltamp Transformers","VOLTAMP.NS","51964900","13599","India"
"331","Radico Khaitan","RADICO.NS","51840600","2150.7","India"
"332","Mastek","MASTEK.NS","51514500","2709.8","India"
"333","Arvind","ARVIND.NS","51108100","360.2","India"
"334","Hatsun Agro Products","HATSUN.NS","50947400","1145.25","India"
"335","V-Guard Industries","VGUARD.NS","50901700","440.1","India"
"336","FDC India","FDC.NS","50720400","536.2","India"
"337","Praj Industries","PRAJIND.NS","50465600","772.4","India"
"338","BEML","BEML.NS","50298500","3791.8","India"
"339","Craftsman Automation","CRAFTSMAN.NS","50187100","6228.1","India"
"340","Kirloskar Ferrous Industries","KIRLFER.NS","49897300","460.05","India"
"341","Transport Corporation of India","TCI.NS","49313700","1037.75","India"
"342","Tata Investment Corporation","TATAINVEST.NS","49209600","7048.3","India"
"343","BLS International","BLS.NS","48779500","362.7","India"
"344","HBL Power Systems","HBLPOWER.NS","48735900","604.7","India"
"345","Engineers India","ENGINERSIN.NS","48194500","200.71","India"
"346","Tata Teleservices","TTML.NS","47996300","81.9","India"
"347","Galaxy Surfactants","GALAXYSURF.NS","47355900","2931.1","India"
"348","Anant Raj","ANANTRAJ.NS","47310900","750.2","India"
"349","Amber Enterprises India","AMBER.NS","47090300","5019.85","India"
"350","Blue Dart Express","BLUEDART.NS","45906300","8473.2","India"
"351","CenturyPly","CENTURYPLY.NS","45713900","904.9","India"
"352","MOIL","MOIL.NS","45639300","382.75","India"
"353","Tamil Nadu Newsprint and Papers Limited","TNPL.NS","45582400","206.07","India"
"354","Happiest Minds Technologies","HAPPSTMNDS.NS","45192600","800.75","India"
"355","Religare","RELIGARE.NS","44250800","275","India"
"356","VA Tech Wabag","WABAG.NS","43693200","1562.45","India"
"357","KFin Technologies","KFINTECH.NS","43139000","1044.1","India"
"358","PDS Multinational","PDSL.NS","42799900","520.3","India"
"359","Quess","QUESS.NS","42207800","727.1","India"
"360","Prakash Industries","PRAKASH.NS","41689600","169.26","India"
"361","Kalyani Steels","KSL.NS","41527100","834.35","India"
"362","INEOS Styrolution","INEOSSTYRO.NS","41373300","807.8","India"
"363","MSTC Limited","MSTCLTD.NS","41066100","686.15","India"
"364","Vesuvius India","VESUVIUS.NS","40929600","5345.35","India"
"365","Zydus Wellness","ZYDUSWELL.NS","40846200","1956.25","India"
"366","Sheela Foam","SFL.NS","40451500","913.1","India"
"367","Kaveri Seed","KSCL.NS","40030700","935.65","India"
"368","KCP Limited","KCP.NS","39886600","237.45","India"
"369","National Fertilizers","NFL.NS","38545600","121.76","India"
"370","Black Box","BBOX.NS","37698000","484.35","India"
"371","Cera Sanitaryware","CERA.NS","37476200","7899.65","India"
"372","Orient Cement","ORIENTCEM.NS","37415500","295.75","India"
"373","Ingersoll Rand India","INGERRAND.NS","37316200","4434.75","India"
"374","Inox Wind","INOXWIND.NS","36514800","218.61","India"
"375","KSB ltd","KSB.NS","35649100","997.8","India"
"376","Gateway Distriparks","GATEWAY.NS","35365600","87.79","India"
"377","Tejas Networks","TEJASNET.NS","34485900","1189.5","India"
"378","Strides Pharma","STAR.NS","34336900","1559.45","India"
"379","Hitachi Energy India","POWERINDIA.NS","33583300","15899.2","India"
"380","Delta Corp","DELTACORP.NS","33242600","124.73","India"
"381","Gabriel India","GABRIEL.NS","32521600","458.35","India"
"382","Siyaram Silk Mills","SIYSIL.NS","32409900","526.8","India"
"383","Sundaram Finance","SUNDARMHLD.NS","32288200","346.95","India"
"384","Symphony Limited","SYMPHONY.NS","31560600","1824.7","India"
"385","Infibeam Avenues","INFIBEAM.NS","31060300","28.79","India"
"386","Relaxo Footwear","RELAXO.NS","30470700","796.9","India"
"387","JBM Auto","JBMA.NS","30348500","1774.55","India"
"388","Prince Pipes And Fittings","PRINCEPIPE.NS","30245700","546.95","India"
"389","Aarti Drugs","AARTIDRUGS.NS","29974500","509.9","India"
"390","Jagran Prakashan","JAGRAN.NS","29947200","92.24","India"
"391","Hindustan Oil Exploration Company","HINDOILEXP.NS","29741500","217.78","India"
"392","HEG","HEG.NS","29692800","2458.85","India"
"393","Paisalo Digital","PAISALO.NS","29411000","52.39","India"
"394","Heidelbergcement India","HEIDELBERG.NS","29331700","224.39","India"
"395","Mangalore Chemicals and Fertilizers","MANGCHEFER.NS","29050000","140.04","India"
"396","Schneider Electric Infrastructure","SCHNEIDER.NS","28861000","860.45","India"
"397","SpiceJet","SPICEJET.BO","28810900","67.29","India"
"398","Polyplex","POLYPLEX.NS","28755000","1169.65","India"
"399","Hinduja Global Solutions","HGS.NS","28715200","788","India"
"400","Suprajit Engineering","SUPRAJIT.NS","28600700","505.4","India"
"401","Rajesh Exports","RAJESHEXPO.NS","28598400","291.45","India"
"402","Sify","SIFY","28382000","284.1566","India"
"403","India Glycols","INDIAGLYCO.NS","28239800","1470.5","India"
"404","Devyani International","DEVYANI.NS","27710100","182.01","India"
"405","Southern Petrochemical Industries Corp","SPIC.NS","27424600","84.54","India"
"406","PTC Financial Services","PFS.NS","27152000","47.96","India"
"407","MMTC","MMTC.NS","26995500","85.06","India"
"408","Nucleus Software Exports","NUCLEUS.NS","26974100","1299.6","India"
"409","ESAB India","ESABINDIA.NS","26814200","6151.75","India"
"410","Geojit Financial Services","GEOJITFSL.NS","26718100","137.94","India"
"411","Safari Industries India","SAFARI.NS","26637600","2611","India"
"412","Greenlam Industries","GREENLAM.NS","26304700","509.15","India"
"413","Automotive Axles","AUTOAXLES.NS","26221200","1881.2","India"
"414","Multi Commodity Exchange","MCX.NS","25781600","6410.55","India"
"415","Laurus Labs","LAURUSLABS.NS","25716600","474.15","India"
"416","Capacit'e Infraprojects","CAPACITE.NS","25431900","396.4","India"
"417","Kuantum Papers","KUANTUM.NS","25369200","137.7","India"
"418","Texmaco Rail &amp; Engineering","TEXRAIL.NS","24628800","196.37","India"
"419","Gokaldas Exports","GOKEX.NS","24191500","932.15","India"
"420","Sudarshan Chemical","SUDARSCHEM.NS","23904000","1201.1","India"
"421","Syrma SGS Technology","SYRMA.NS","23760600","416.85","India"
"422","Tide Water Oil","TIDEWATER.NS","23678300","2140.4","India"
"423","Hindustan Sanitaryware &amp; Industries","HSIL.NS","23595600","316.9439","India"
"424","Kewal Kiran Clothing","KKCL.NS","23572800","666.25","India"
"425","Federal-Mogul Goetze","FMGOETZE.NS","23526400","419.05","India"
"426","Lux Industries","LUXIND.NS","23500100","2073.15","India"
"427","Jindal Poly Films","JINDALPOLY.NS","23134800","817.55","India"
"428","Somany Ceramics","SOMANYCERA.NS","22998300","720.25","India"
"429","MM Forgings","MMFL.NS","22974300","571.25","India"
"430","Vadilal Industries","VADILALIND.NS","22958100","4048.85","India"
"431","Vaibhav Global","VAIBHAVGBL.NS","22747500","300.65","India"
"432","Greenply","GREENPLY.NS","22197900","378.5","India"
"433","Wonderla Holidays","WONDERLA.NS","21989300","903.05","India"
"434","Cosmo First","COSMOFIRST.NS","21817600","766.15","India"
"435","Subros","SUBROS.NS","21700000","680","India"
"436","MapmyIndia","MAPMYINDIA.NS","21658800","2135.15","India"
"437","Cigniti Technologies","CIGNITITEC.NS","21448000","1390.45","India"
"438","VRL Logistics","VRLLOG.NS","21260800","575.35","India"
"439","Astra Microwave","ASTRAMICRO.NS","21195100","860.1","India"
"440","Kingfa Science & Technology","KINGFA.NS","21044700","3333.45","India"
"441","Zee Learn","ZEELEARN.NS","20794800","11.1","India"
"442","Lumax Industries","LUMAXIND.NS","20579800","2466.9","India"
"443","Parag Milk Foods","PARAGMILK.NS","20576600","227.29","India"
"444","Filatex India","FILATEX.NS","20450700","57.86","India"
"445","Dhampur Sugar Mills","DHAMPURSUG.NS","20446300","213.59","India"
"446","SML Isuzu","SMLISUZU.NS","20350800","1835.4","India"
"447","Nykaa","NYKAA.NS","20046500","192.01","India"
"448","EaseMyTrip","EASEMYTRIP.NS","19268500","34.19","India"
"449","Greenpanel Industries","GREENPANEL.NS","19225800","398.9","India"
"450","PB Fintech","POLICYBZR.NS","19130100","1639.05","India"
"451","JSW Holdings","JSWHL.NS","19018900","8974.75","India"
"452","Bajaj Electricals","BAJAJELEC.NS","19016600","900.9","India"
"453","Sandhar","SANDHAR.NS","18928000","574.45","India"
"454","MPS Limited","MPSLTD.NS","18823300","2092.3","India"
"455","Jindal Worldwide","JINDWORLD.NS","18796700","313.9","India"
"456","Gallantt Ispat","GALLISPAT.NS","18665800","64.9","India"
"457","Hikal","HIKAL.NS","18613800","340","India"
"458","CARE's Ratings","CARERATING.NS","18303900","1230.35","India"
"459","Mangalam Cement","MANGLMCEM.NS","18261200","862.3","India"
"460","Allcargo Logistics","ALLCARGO.NS","17827400","61.4","India"
"461","Skipper Limited","SKIPPER.NS","17800600","548.1","India"
"462","Shalby","SHALBY.NS","17655200","263.5","India"
"463","Mishra Dhatu Nigam","MIDHANI.NS","17585000","376.7","India"
"464","JTEKT India","JTEKTINDIA.NS","17407200","175.94","India"
"465","The Tinplate Company Of India","TINPLATE.NS","17109000","430.5","India"
"466","Vst Tillers Tractors","VSTTILLERS.NS","17077000","4512.55","India"
"467","Nilkamal","NILKAMAL.NS","17041800","1936.25","India"
"468","Accelya","ACCELYA.NS","16351100","1767.85","India"
"469","Hathway","HATHWAY.NS","16274200","20.09","India"
"470","Ethos Watches","ETHOSLTD.NS","16140000","3092.85","India"
"471","Sunteck Realty","SUNTECK.NS","16090600","556.25","India"
"472","Bliss GVS Pharma","BLISSGVS.NS","15725700","128.06","India"
"473","GTPL Hathway","GTPL.NS","14999100","161.74","India"
"474","RPG Life Sciences","RPGLIFE.NS","14897700","2806.9","India"
"475","Dollar Industries","DOLLAR.NS","14873500","545.55","India"
"476","IFB Industries","IFBIND.NS","14864100","1799.5","India"
"477","Anup Engineering","ANUP.NS","14767800","2735.15","India"
"478","Honda Siel Power Products","HONDAPOWER.NS","14740400","4154.2","India"
"479","Aether Industries","AETHER.NS","14682300","948.5","India"
"480","Confidence Petroleum","CONFIPET.NS","14276400","81.39","India"
"481","Monte Carlo Fashions","MONTECARLO.NS","14134600","840.1","India"
"482","Nazara Technologies","NAZARA.NS","13842100","923.4","India"
"483","Kitex Garments","KITEX.NS","13539600","522.45","India"
"484","Olectra Greentech","OLECTRA.NS","13491200","1752.1","India"
"485","Nectar Lifesciences","NECLIFE.NS","13457100","39.09","India"
"486","Rico Auto Industries","RICOAUTO.NS","13451400","107.91","India"
"487","Alembic Limited","ALEMBICLTD.NS","13448300","138.38","India"
"488","Campus Activewear","CAMPUS.NS","13405900","315.5","India"
"489","Indoco Remedies","INDOCO.NS","13073700","337.3","India"
"490","Orient Electric","ORIENTELEC.NS","12928000","236.46","India"
"491","Shankara Building","SHANKARA.NS","12782100","516.1","India"
"492","Rupa Company","RUPA.NS","12371400","287.35","India"
"493","eMudhra","EMUDHRA.NS","11937600","952.5","India"
"494","Wheels India","WHEELS.NS","11438900","743.55","India"
"495","India Motor Parts and Accessories","IMPAL.NS","11380000","1287.6","India"
"496","Sterlite Technologies","STLTECH.NS","11318000","120.66","India"
"497","Ashiana Housing","ASHIANA.NS","11170700","308.25","India"
"498","India Tourism Development Corp","ITDC.NS","11112600","658.1","India"
"499","Rane Holdings","RANEHOLDIN.NS","10891800","1989.7","India"
"500","Foseco India","FOSECOIND.NS","10675300","4706","India"
"501","India Nippon Electricals","INDNIPPON.NS","10553100","705.6","India"
"502","Sasken Technologies","SASKEN.NS","10184200","1706.8","India"
"503","I.g. Petrochemicals","IGPL.NS","10115800","586.2","India"
"504","Sterling Tools","STERTOOLS.NS","9505490","574.65","India"
"505","Cantabil Retail India","CANTABIL.NS","9216660","237.14","India"
"506","Kellton Tech Solutions","KELLTONTEC.NS","9089230","146.99","India"
"507","Mahindra Lifespaces","MAHLIFE.NS","8512630","508.15","India"
"508","Ebixcash India","EBIXFOREX.NS","8371470","614.5517","India"
"509","Apollo Pipes","APOLLOPIPE.NS","8310290","568.5","India"
"510","Kokuyo Camlin","KOKUYOCMLN.NS","7398940","182.81","India"
"511","Rane Brake Lining","RBL.NS","7108830","1159.9","India"
"512","Barbeque Nation Hospitality","BARBEQUE.NS","7092250","681.1","India"
"513","Excel Industries","EXCELINDUS.NS","6954850","1626.6","India"
"514","VIP Industries","VIPIND.NS","6839390","547.45","India"
"515","Oriental Aromatics","OAL.NS","6710060","509.2","India"
"516","Wendt India","WENDT.NS","6286980","14724.2","India"
"517","Vidhi Specialty Food","VIDHIING.NS","6198510","480.55","India"
"518","Jay Bharat Maruti","JAYBARMARU.NS","5763740","98.07","India"
"519","sterling &amp; wilson solar","SWSOLAR.NS","5481530","566.4","India"
"520","Hester Biosciences","HESTERBIO.NS","5426400","2348.65","India"
"521","Quick Heal","QUICKHEAL.NS","5319350","811.7","India"
"522","Mahindra Logistics","MAHLOG.NS","4850560","500.75","India"
"523","Aptech","APTECHT.NS","4528000","214.83","India"
"524","Modern Dairies Limited","MODAIRY.BO","4134600","56.06","India"
"525","Imagicaaworld Entertainment","IMAGICAA.NS","4062880","79.54","India"
"526","Nelco","NELCO.NS","4041850","1002.25","India"
"527","Igarashi Motors India","IGARASHI.NS","4009580","638.35","India"
"528","Balaji Telefilms","BALAJITELE.NS","3272810","63.26","India"
"529","Mirza International","MIRZAINT.NS","3154960","42.73","India"
"530","Hyderabad Industries Limited","HIL.NS","3094660","2848","India"
"531","Avalon Technologies","AVALON.NS","3072370","626.55","India"
"532","Milkfood Limited","MLKFOOD.BO","2906520","137.25","India"
"533","Apex Frozen Foods","APEX.NS","2342570","244.23","India"
"534","GE Power India","GEPIL.NS","2120440","404.05","India"
"535","Radio City","RADIOCITY.NS","1932270","15.73","India"
"536","Sequent Scientific","SEQUENT.NS","1562720","192.72","India"
"537","Asian Granito India","ASIANTILES.NS","1394670","78.95","India"
"538","N.B.I. Industrial Finance","NBIFIN.NS","1293630","2388.3","India"
"539","Gati","GATI.NS","698942","137.05","India"
"540","JCI Hitachi India","JCHAC.NS","471242","2560.85","India"
"541","Bodal Chemicals","BODALCHEM.NS","12104.4","82.91","India"
"542","Jump Networks","JUMPNET.NS","-1509540","10.0884","India"
"543","Navkar Corp","NAVKARCORP.NS","-1675480","125.42","India"
"544","Orient Paper Mills","ORIENTPPR.NS","-1715020","46.82","India"
"545","Hindustan Media Ventures","HMVL.NS","-2077010","94.1","India"
"546","Yatra","YTRA","-3797840","142.919","India"
"547","Borosil","BORORENEW.NS","-4095430","461.9","India"
"548","KIOCL","KIOCL.NS","-4627190","372.2","India"
"549","Reliance Communications","RCOM.NS","-4918990","2.58","India"
"550","NACL Industries","NACLIND.NS","-6348380","53.14","India"
"551","Reliance Power","RPOWER.NS","-6526240","44.23","India"
"552","Azure Power","AZREF","-10332800","25.221","India"
"553","Spencer's Retail","SPENCERS.NS","-10631800","99.79","India"
"554","Hinduja Ventures","NXTDIGITAL.NS","-10951400","117","India"
"555","Delhivery","DELHIVERY.NS","-11934000","411.15","India"
"556","Astec Lifesciences","ASTEC.NS","-13490700","1093.2","India"
"557","Dish TV","DISHTV.NS","-15585700","14.25","India"
"558","Indorama Synthetics","INDORAMA.NS","-20103100","47.46","India"
"559","PVR INOX","PVRINOX.NS","-20816800","1620.5","India"
"560","Alok Industries","ALOKINDS.NS","-27819600","25.25","India"
"561","3i Infotech","3IINFOLTD.NS","-31964300","30.33","India"
"562","Gujarat Alkalies and Chemicals","GUJALKALI.NS","-35241500","875.3","India"
"563","MEP Infrastructure","MEP.NS","-36370000","4.26","India"
"564","Indian Telephone Industries","ITI.NS","-38103500","248.25","India"
"565","TCNS Clothing","TCNSBRANDS.NS","-39054300","583.3","India"
"566","Sanghi Industries","SANGHIIND.NS","-41787900","83.11","India"
"567","Coffee Day Enterprises","COFFEEDAY.NS","-43451700","36.14","India"
"568","SPARC","SPARC.NS","-46457500","213.18","India"
"569","Mahanagar Telephone Nigam","MTNL.NS","-52764900","50.94","India"
"570","Omaxe","OMAXE.NS","-63942200","129.26","India"
"571","Network18","NETWORK18.NS","-73286800","81.36","India"
"572","Prime Focus","PFOCUS.NS","-78384200","150.84","India"
"573","Future Supply Chain Solutions","FSC.NS","-80901300","2.12","India"
"574","Jaypee Group","JPASSOCIAT.NS","-84385200","8.55","India"
"575","GTL Infrastructure","GTLINFRA.NS","-93747700","2.36","India"
"576","Piramal Enterprises","PEL.NS","-99369000","1079.8","India"
"577","Aditya Birla Fashion and Retail","ABFRL.NS","-105287000","340.25","India"
"578","Rain Industries","RAIN.NS","-124320000","172.98","India"
"579","Ola Electric Mobility","OLAELEC.NS","-166158000","90.2","India"
"580","Unitech Group","UNITECH.NS","-171219000","11.18","India"
"581","Paytm","PAYTM.NS","-225014000","724.5","India"
"582","Tata Steel Long Products","TATASTLLP.NS","-265643000","829.35","India"
"583","UPL","UPL.NS","-297872000","583.05","India"
"584","Future Retail","FRETAIL.NS","-392996000","2.28","India"
"585","Vodafone Idea","IDEA.NS","-520524000","9.18","India"
"586","Srei Infrastructure Finance","SREINFRA.NS","-804832000","2.1","India"
