"Rank","Name","Symbol","revenue_ttm","price (INR)","country"
"1","Reliance Industries","RELIANCE.NS","111086832417","2744.2","India"
"2","Life Insurance Corporation of India (LIC)","LICI.NS","104146002488","948.85","India"
"3","Indian Oil","IOC.NS","92218272535","163.15","India"
"4","Oil &amp; Natural Gas","ONGC.NS","77528551410","292.55","India"
"5","Bharat Petroleum","BPCL.NS","53806964559","337.65","India"
"6","Tata Motors","TATAMOTORS.NS","52916067823","930.7","India"
"7","Hindustan Petroleum","HINDPETRO.NS","52065129513","395.5","India"
"8","State Bank of India","SBIN.NS","39589044690","799.75","India"
"9","HDFC Bank","HDB","34078962625","5089.5978","India"
"10","Rajesh Exports","RAJESHEXPO.NS","30648442825","291.45","India"
"11","Tata Consultancy Services","TCS.NS","29032758212","4149.2","India"
"12","Larsen &amp; Toubro","LT.NS","27173412223","3482.55","India"
"13","Tata Steel","TATASTEEL.NS","26735543553","160.66","India"
"14","Hindalco Industries","HINDALCO.NS","26271592476","747.35","India"
"15","NTPC Limited","NTPC.NS","22083293577","422.5","India"
"16","JSW Steel","JSWSTEEL.NS","20788189736","1012.05","India"
"17","ICICI Bank","IBN","20616384519","2412.809","India"
"18","Infosys","INFY","18660000000","1927.7251","India"
"19","Bharti Airtel","BHARTIARTL.NS","18134371283","1687.4","India"
"20","Vedanta","VEDL.NS","17251633404","497.5","India"
"21","Mahindra &amp; Mahindra","M&M.NS","16736771144","3134.35","India"
"22","SBI Life Insurance","SBILIFE.NS","16660558534","1735.05","India"
"23","Maruti Suzuki India","MARUTI.NS","16562047247","12776.6","India"
"24","GAIL","GAIL.NS","16184680804","229.4","India"
"25","Grasim Industries","GRASIM.NS","15938184877","2725.55","India"
"26","Coal India","COALINDIA.NS","15598139956","492.95","India"
"27","HCL Technologies","HCLTECH.NS","13407034569","1839.65","India"
"28","Bajaj Finserv","BAJAJFINSV.NS","12719726444","1876.4","India"
"29","HDFC Life","HDFCLIFE.NS","12687957276","723.85","India"
"30","Steel Authority of India","SAIL.NS","12608482001","134.03","India"
"31","Samvardhana Motherson","MOTHERSON.NS","12487624281","212.82","India"
"32","Adani Enterprises","ADANIENT.NS","11567944898","3137.2","India"
"33","Wipro","WIT","10947977634","535.5259","India"
"34","ICICI Prulife","ICICIPRULI.NS","10946583941","742.55","India"
"35","Redington India","REDINGTON.NS","10733891568","184.3","India"
"36","Axis Bank","AXISBANK.BO","9488078509","1172.4","India"
"37","Kotak Mahindra Bank","KOTAKBANK.NS","8649621324","1882.4","India"
"38","InterGlobe Aviation","INDIGO.NS","8618609423","4693.45","India"
"39","ITC","ITC.NS","8598696975","488.2","India"
"40","UltraTech Cement","ULTRACEMCO.NS","8552232751","11421.3","India"
"41","Chennai Petroleum","CHENNPETRO.NS","8244248348","909","India"
"42","Bank of Baroda","BANKBARODA.NS","8147738278","242.42","India"
"43","Canara Bank","CANBK.NS","8134188992","104.06","India"
"44","Tata Power","TATAPOWER.NS","7499688082","461.15","India"
"45","Hindustan Unilever","HINDUNILVR.NS","7350179801","2783.2","India"
"46","Punjab National Bank","PNB.NS","6784568710","104.91","India"
"47","Union Bank of India","UNIONBANK.NS","6721289083","114.12","India"
"48","Petronet LNG","PETRONET.NS","6541590385","355.15","India"
"49","Adani Power","ADANIPOWER.NS","6510964083","642.3","India"
"50","Titan Company","TITAN.NS","6399367125","3474.4","India"
"51","DMart","DMART.NS","6362049534","4572.7","India"
"52","Adani Wilmar","AWL.NS","6290176266","337.45","India"
"53","Tech Mahindra","TECHM.NS","6224019459","1647.05","India"
"54","Jindal Steel &amp; Power","JINDALSTEL.NS","6190333669","1005.85","India"
"55","Max Financial Services","MFSL.NS","5909348344","1185.55","India"
"56","General Insurance Corporation of India","GICRE.NS","5883963042","390.4","India"
"57","Sun Pharmaceutical","SUNPHARMA.NS","5822505813","1901.95","India"
"58","Ashok Leyland","ASHOKLEY.NS","5598582083","227.86","India"
"59","Powergrid Corporation of India","POWERGRID.NS","5498723189","330.05","India"
"60","Bajaj Auto","BAJAJ-AUTO.NS","5436646096","11877","India"
"61","New India Assurance","NIACL.NS","5279986879","209.68","India"
"62","Aditya Birla Capital","ABCAPITAL.NS","5150469729","220.84","India"
"63","UPL","UPL.NS","5126467477","583.05","India"
"64","Vodafone Idea","IDEA.NS","5096394606","9.18","India"
"65","Hero MotoCorp","HEROMOTOCO.NS","4677257246","5476.3","India"
"66","Jindal Stainless","JSL.NS","4539204280","754.45","India"
"67","Bajaj Finance","BAJFINANCE.NS","4353157269","7302","India"
"68","LTIMindtree","LTIM.NS","4316951198","6410.95","India"
"69","Power Finance Corp","PFC.NS","4263800345","467.85","India"
"70","Asian Paints","ASIANPAINT.NS","4224162509","3037.2","India"
"71","TVS Motor","TVSMOTOR.NS","4129003978","2794.35","India"
"72","Oil India","OIL.NS","4127197095","584.55","India"
"73","Indian Bank","INDIANB.NS","3910684786","524.55","India"
"74","Ambuja Cements","AMBUJACEM.NS","3857096895","585.2","India"
"75","Patanjali Foods","PATANJALI.NS","3737086852","1743.5","India"
"76","IndusInd Bank","INDUSINDBK.NS","3695752525","1347.6","India"
"77","Bank of India","BANKINDIA.NS","3563295844","105.53","India"
"78","Aurobindo Pharma","AUROPHARMA.NS","3526201556","1495.85","India"
"79","Indus Towers","INDUSTOWER.NS","3470556303","378.5","India"
"80","Hindustan Zinc","HINDZINC.NS","3465151442","504.15","India"
"81","Dr. Reddy's","RDY","3463656521","6578.4775","India"
"82","Torrent Power","TORNTPOWER.NS","3433547238","1886.4","India"
"83","Hindustan Aeronautics","HAL.NS","3432193320","4446.15","India"
"84","Adani Ports & SEZ","ADANIPORTS.NS","3291849097","1408.25","India"
"85","Indian Railway Finance","IRFC.NS","3195609892","152.4","India"
"86","Cipla","CIPLA.NS","3097792774","1595.75","India"
"87","Madras Rubber Factory","MRF.NS","3093417210","132198","India"
"88","Apollo Tyres","APOLLOTYRE.NS","3014794902","505.05","India"
"89","National Fertilizers","NFL.NS","2834055211","121.76","India"
"90","IDFC FIRST Bank","IDFCFIRSTB.NS","2826697169","72.37","India"
"91","Reliance Infrastructure","RELINFRA.NS","2792203958","284.65","India"
"92","ICICI Lombard","ICICIGI.NS","2722593449","2067.35","India"
"93","NCC Limited","NCC.NS","2640093697","298.45","India"
"94","Tata Communications","TATACOMM.NS","2620819492","1963.75","India"
"95","Siemens India","SIEMENS.NS","2560841334","7749.9","India"
"96","National Mineral Development Corporation","NMDC.NS","2560137714","233.68","India"
"97","Bharat Electronics","BEL.NS","2526141591","285.9","India"
"98","Dixon Technologies","DIXON.NS","2520972679","15143.6","India"
"99","East India Distilleries Parry","EIDPARRY.NS","2512665493","812.9","India"
"100","Shriram Transport Finance","SHRIRAMFIN.NS","2456592999","3341.2","India"
"101","Lupin Limited","LUPIN.NS","2452557353","2224.5","India"
"102","KEC International","KEC.NS","2422872071","998.7","India"
"103","Shree Cement","SHREECEM.NS","2419220776","24337","India"
"104","Zydus Lifesciences","ZYDUSLIFE.NS","2402653848","1064.4","India"
"105","Kalyan Jewellers India","KALYANKJIL.NS","2356936340","720.3","India"
"106","Apollo Hospitals","APOLLOHOSP.NS","2344723284","6983.4","India"
"107","ACC","ACC.NS","2344286626","2312.45","India"
"108","Quess","QUESS.NS","2341443513","727.1","India"
"109","Havells India","HAVELLS.NS","2334257957","1938.5","India"
"110","Nestl√© India","NESTLEIND.NS","2325719228","2511.8","India"
"111","Polycab India","POLYCAB.NS","2217401382","7446.85","India"
"112","Rural Electrification Corp","RECLTD.NS","2200542148","537.9","India"
"113","Central Bank of India","CENTRALBK.NS","2193296450","56.96","India"
"114","Adani Energy Solutions","ADANIENSOL.NS","2169178566","976.8","India"
"115","APL Apollo","APLAPOLLO.NS","2146744550","1571.7","India"
"116","Varun Beverages","VBL.NS","2116296227","592.35","India"
"117","Rashtriya Chemicals and Fertilizers","RCF.NS","2081185886","179.82","India"
"118","Chambal Fertilisers","CHAMBLFERT.NS","2076320400","497.5","India"
"119","Bombay Burmah","BBTC.NS","2046983836","2643.85","India"
"120","Tube Investments of India","TIINDIA.NS","2041056720","4225.65","India"
"121","Exide Industries","EXIDEIND.NS","2024558507","530.5","India"
"122","Kalpataru Power Transmission","KALPATPOWR.NS","2010670054","522.85","India"
"123","Britannia Industries","BRITANNIA.NS","2005774208","5978.5","India"
"124","Eicher Motors","EICHERMOT.NS","1997149424","4728.05","India"
"125","BOSCH India","BOSCHLTD.NS","1985443946","38486.8","India"
"126","Jindal Stainless (Hisar)","JSLHISAR.NS","1970895445","570","India"
"127","IDBI Bank","IDBI.NS","1969923860","83.28","India"
"128","Gujarat Gas","GUJGASLTD.NS","1963924054","600.1","India"
"129","Apar Industries","APARINDS.NS","1955396355","10428.4","India"
"130","PTC India","PTC.NS","1943199103","197.38","India"
"131","Rain Industries","RAIN.NS","1924014878","172.98","India"
"132","Indian Overseas Bank","IOB.NS","1904186163","54.29","India"
"133","Tata Consumer Products","TATACONSUM.NS","1885957553","1113.1","India"
"134","Bharat Forge","BHARATFORG.NS","1833500184","1492.35","India"
"135","Tata Chemicals","TATACHEM.NS","1785702044","1183.1","India"
"136","UNO Minda","UNOMINDA.NS","1757033236","985.75","India"
"137","Star Health and Allied Insurance Company","STARHEALTH.NS","1731173478","547.6","India"
"138","BASF India","BASF.NS","1722286411","8168.25","India"
"139","Dalmia Bharat","DALBHARAT.NS","1720419354","1872.95","India"
"140","Biocon","BIOCON.NS","1710889451","346.15","India"
"141","Aditya Birla Fashion and Retail","ABFRL.NS","1708148700","340.25","India"
"142","Indraprastha Gas","IGL.NS","1694431208","540.55","India"
"143","Voltas","VOLTAS.NS","1677418612","1789.45","India"
"144","Zomato","ZOMATO.NS","1669076311","277.55","India"
"145","Godrej","GODREJCP.NS","1664890729","1315.7","India"
"146","Allcargo Logistics","ALLCARGO.NS","1648270270","61.4","India"
"147","Yes Bank","YESBANK.NS","1645197457","21.4","India"
"148","Bank of Maharashtra","MAHABANK.NS","1644412067","54.24","India"
"149","Trent Limited","TRENT.NS","1642449655","8234.95","India"
"150","Mphasis","MPHASIS.NS","1614620395","2876.35","India"
"151","SBI Card","SBICARD.NS","1589338411","733.75","India"
"152","Bandhan Bank","BANDHANBNK.NS","1577761905","210.26","India"
"153","NLC India","NLCINDIA.NS","1567679766","266.1","India"
"154","SRF Limited","SRF.NS","1563495087","2348.75","India"
"155","Coromandel","COROMANDEL.NS","1550133938","1638.95","India"
"156","Federal Bank","FEDERALBNK.NS","1549023189","187.55","India"
"157","National Aluminum &amp; Alloy","NATIONALUM.NS","1539933144","222.92","India"
"158","Alkem Laboratories","ALKEM.NS","1501248502","6191.3","India"
"159","Dabur","DABUR.NS","1498409375","570.85","India"
"160","Pidilite","PIDILITIND.NS","1495592537","3110.2","India"
"161","Amara Raja Batteries","ARE&M.NS","1455235805","1406.9","India"
"162","CEAT","CEATLTD.NS","1445424015","3010.7","India"
"163","Glenmark Pharmaceuticals","GLENMARK.NS","1423883165","1790.65","India"
"164","Tata Steel Long Products","TATASTLLP.NS","1411749105","829.35","India"
"165","Lodha Group","LODHA.NS","1371558285","1169.85","India"
"166","JSW Energy","JSWENERGY.NS","1366032788","706.7","India"
"167","United Spirits","UNITDSPR.BO","1362954855","1520.3","India"
"168","ABB India","ABB.NS","1362795443","8553.7","India"
"169","JK Cement","JKCEMENT.NS","1350351610","4238.75","India"
"170","Berger Paints","BERGEPAINT.NS","1340065781","571.55","India"
"171","WNS","WNS","1319979000","4005.0948","India"
"172","DCM Shriram","DCMSHRIRAM.NS","1316057168","1018.25","India"
"173","Cholamandalam Investment and Finance","CHOLAFIN.NS","1300709759","1501.05","India"
"174","Torrent Pharmaceuticals","TORNTPHARM.NS","1300115854","3497.05","India"
"175","Mankind Pharma","MANKIND.NS","1278570470","2792.55","India"
"176","NBCC India","NBCC.NS","1264364970","114.06","India"
"177","PDS Multinational","PDSL.NS","1258278574","520.3","India"
"178","Endurance Technologies","ENDURANCE.NS","1255539956","2343.35","India"
"179","Muthoot Finance","MUTHOOTFIN.NS","1243431207","1945.45","India"
"180","Supreme Industries","SUPREMEIND.NS","1242279177","5224.4","India"
"181","Ashoka Buildcon","ASHOKA.NS","1239921195","251.64","India"
"182","Persistent Systems","PERSISTENT.NS","1229047414","5469.55","India"
"183","Blue Star","BLUESTARCO.NS","1226140625","2019.3","India"
"184","Adani Green Energy","ADANIGREEN.NS","1184849912","1792.2","India"
"185","Balkrishna Industries","BALKRISIND.NS","1183616177","3023.4","India"
"186","L&amp;T Technology Services","LTTS.NS","1177474711","5234.2","India"
"187","Marico","MARICO.NS","1169255209","685.5","India"
"188","Future Retail","FRETAIL.NS","1141290288","2.28","India"
"189","Piramal Enterprises","PEL.NS","1141094668","1079.8","India"
"190","Thermax","THERMAX.NS","1139153079","5155.25","India"
"191","Coforge","COFORGE.NS","1123573546","7380.6","India"
"192","RBL Bank","RBLBANK.NS","1120341652","204.41","India"
"193","Network18","NETWORK18.NS","1104318456","81.36","India"
"194","Ramco Cements","RAMCOCEM.NS","1103968438","861.55","India"
"195","NHPC Limited","NHPC.NS","1103410644","90.92","India"
"196","Paytm","PAYTM.NS","1097218953","724.5","India"
"197","GMR Group","GMRINFRA.NS","1097147155","88.42","India"
"198","Cummins India","CUMMINSIND.NS","1074366577","3614.15","India"
"199","Container Corporation of India","CONCOR.NS","1060545231","893.9","India"
"200","Zee Entertainment","ZEEL.NS","1054614894","130.15","India"
"201","CIE Automotive India","CIEINDIA.NS","1052969852","541.2","India"
"202","Escorts Kubota","ESCORTS.NS","1040201054","3937.95","India"
"203","LIC Housing Finance","LICHSGFIN.NS","1026172849","619.5","India"
"204","Delhivery","DELHIVERY.NS","1006544459","411.15","India"
"205","KEI Industries","KEI.NS","1006270422","4575.95","India"
"206","CG Power and Industrial Solutions","CGPOWER.NS","997552487","858.15","India"
"207","Piramal Pharma","PPLPHARMA.NS","997445919","221.3","India"
"208","ReNew Power","RNW","995105844","496.8537","India"
"209","Hatsun Agro Products","HATSUN.NS","986183958","1145.25","India"
"210","Divis Laboratories","DIVISLAB.NS","976718137","6142.25","India"
"211","Ipca Laboratories","IPCALAB.NS","976052905","1655.05","India"
"212","Raymond","RAYMOND.NS","972614836","1603.45","India"
"213","United Breweries","UBL.NS","969620217","2085.95","India"
"214","Prestige Group","PRESTIGE.NS","967478414","1854.5","India"
"215","Deepak Nitrite","DEEPAKNTR.NS","962221530","2829.6","India"
"216","Bajaj Holdings &amp; Investment","BAJAJHLDNG.NS","945264532","10851.1","India"
"217","Surya Roshni","SURYAROSNI.NS","939695061","722.15","India"
"218","AU Small Finance Bank","AUBANK.NS","937460064","690.4","India"
"219","Electrosteel Castings","ELECTCAST.NS","937010442","202.3","India"
"220","Welspun India","WELSPUNIND.NS","933800474","158.95","India"
"221","PI Industries","PIIND.NS","932905058","4523.6","India"
"222","Nerolac Paints","KANSAINER.NS","929819564","288.75","India"
"223","Varroc","VARROC.NS","917838991","575.7","India"
"224","Schaeffler India","SCHAEFFLER.NS","911098291","3898.35","India"
"225","Crompton Greaves Consumer Electricals","CROMPTON.NS","904520114","430.85","India"
"226","Reliance Power","RPOWER.NS","900124159","44.23","India"
"227","Arvind","ARVIND.NS","894395911","360.2","India"
"228","Force Motors","FORCEMOT.NS","887119613","7099.9","India"
"229","Whirlpool India","WHIRLPOOL.NS","874715973","2367.15","India"
"230","Amber Enterprises India","AMBER.NS","867677350","5019.85","India"
"231","PCBL Limited","PCBL.NS","862280507","508.6","India"
"232","Suzlon","SUZLON.NS","860096759","74.39","India"
"233","Cyient","CYIENT.NS","856780766","1851.2","India"
"234","Edelweiss Financial Services","EDELWEISS.NS","845348427","127.87","India"
"235","Fortis Healthcare","FORTIS.NS","844784166","600.3","India"
"236","SpiceJet","SPICEJET.BO","842048344","67.29","India"
"237","MakeMyTrip","MMYT","840312000","8490.2293","India"
"238","Hindustan Construction Company","HCC.NS","827919523","42.26","India"
"239","Jaypee Group","JPASSOCIAT.NS","817582689","8.55","India"
"240","Jubilant Pharmova","JUBLPHARMA.NS","816218856","1146.35","India"
"241","Nykaa","NYKAA.NS","805547958","192.01","India"
"242","Trident","TRIDENT.NS","802757374","35.3","India"
"243","Bharti Hexacom","BHARTIHEXA.NS","801334930","1445.4","India"
"244","Aarti Industries","AARTIIND.NS","796565332","529.2","India"
"245","Indian Hotels Company","INDHOTEL.NS","790942345","708.55","India"
"246","Polyplex","POLYPLEX.NS","772173363","1169.65","India"
"247","Mahanagar Gas","MGL.NS","770522057","1834","India"
"248","Kirloskar Ferrous Industries","KIRLFER.NS","744056754","460.05","India"
"249","Alembic Pharmaceuticals","APLLTD.NS","742909294","1171.7","India"
"250","DLF","DLF.NS","742885990","846.6","India"
"251","Jubilant FoodWorks","JUBLFOOD.NS","742681173","629.7","India"
"252","Black Box","BBOX.NS","736411328","484.35","India"
"253","IIFL Finance","IIFL.NS","735469671","469.55","India"
"254","PVR INOX","PVRINOX.NS","719642134","1620.5","India"
"255","Abbott India","ABBOTINDIA.NS","711433846","28808.2","India"
"256","Solar Industries India","SOLARINDS.NS","710887624","11318.4","India"
"257","Gland Pharma","GLAND.NS","703252273","1698.55","India"
"258","Colgate-Palmolive India","COLPAL.NS","701961030","3689.65","India"
"259","Jain Irrigation Systems","JISLDVREQS.NS","699474678","33.92","India"
"260","Astral Poly Technik","ASTRAL.NS","687811351","1897.45","India"
"261","Motilal Oswal Financial Services","MOTILALOFS.NS","680159036","808.55","India"
"262","Max Healthcare Institute","MAXHEALTH.NS","679975229","939.8","India"
"263","ICICI Securities","ISEC.NS","679778304","829.45","India"
"264","Karur Vysya Bank","KARURVYSYA.NS","678310610","199.04","India"
"265","Mahindra Logistics","MAHLOG.NS","676241454","500.75","India"
"266","Godawari Power &amp; Ispat","GPIL.NS","655883103","190.9","India"
"267","Hitachi Energy India","POWERINDIA.NS","646465528","15899.2","India"
"268","Religare","RELIGARE.NS","646034496","275","India"
"269","Blue Dart Express","BLUEDART.NS","645069717","8473.2","India"
"270","JBM Auto","JBMA.NS","625198144","1774.55","India"
"271","Castrol India","CASTROLIND.NS","620630805","227.82","India"
"272","Time Technoplast","TIMETECHNO.NS","617462029","394.85","India"
"273","KPIT Technologies","KPITTECH.NS","616892677","1789.05","India"
"274","Narayana Hrudayalaya","NH.NS","615381097","1221.2","India"
"275","Sterlite Technologies","STLTECH.NS","611286302","120.66","India"
"276","Alok Industries","ALOKINDS.NS","610826540","25.25","India"
"277","V-Guard Industries","VGUARD.NS","610334636","440.1","India"
"278","Finolex Cables","FINCABLES.NS","605134266","1298.15","India"
"279","Ratnamani Metals &amp; Tubes","RATNAMANI.NS","604602119","3534.9","India"
"280","Laurus Labs","LAURUSLABS.NS","602056941","474.15","India"
"281","Oberoi Realty","OBEROIRLTY.NS","599161584","1919.15","India"
"282","Shankara Building","SHANKARA.NS","597470964","516.1","India"
"283","Zensar","ZENSARTECH.NS","595803477","694.95","India"
"284","Wheels India","WHEELS.NS","592078355","743.55","India"
"285","South Indian Bank","SOUTHBANK.NS","584071533","23.86","India"
"286","Atul","ATUL.NS","577230718","7888.8","India"
"287","Bayer Crop Science","BAYERCROP.NS","574409143","6713.85","India"
"288","Granules India","GRANULES.NS","562412997","603.85","India"
"289","Bajaj Electricals","BAJAJELEC.NS","560255654","900.9","India"
"290","Karnataka Bank","KTKBANK.NS","559623222","228.2","India"
"291","Kajaria Ceramics","KAJARIACER.NS","555598903","1408","India"
"292","Carborundum Universal","CARBORUNIV.NS","554817105","1467.95","India"
"293","IFB Industries","IFBIND.NS","554346715","1799.5","India"
"294","Page Industries","PAGEIND.NS","551340123","45370.2","India"
"295","Hinduja Global Solutions","HGS.NS","549182685","788","India"
"296","AIA Engineering","AIAENG.NS","547051946","4074.35","India"
"297","SKF India","SKFINDIA.NS","545573393","5413.2","India"
"298","Adani Total Gas","ATGL.NS","544445590","757.35","India"
"299","Craftsman Automation","CRAFTSMAN.NS","544364651","6228.1","India"
"300","Tamil Nadu Newsprint and Papers Limited","TNPL.NS","540045016","206.07","India"
"301","Knr Constructions","KNRCON.NS","532225122","318.4","India"
"302","Indian Railway Catering & Tourism","IRCTC.NS","526801839","889.2","India"
"303","Asahi India Glass","ASAHIINDIA.NS","524213136","735.5","India"
"304","Power Mech Projects","POWERMECH.NS","522074984","3108.4","India"
"305","Jindal Poly Films","JINDALPOLY.NS","519452343","817.55","India"
"306","Century Textiles and Industries","CENTURYTEX.NS","515935730","2718.95","India"
"307","Finolex Industries","FINPIPE.NS","513632817","299.45","India"
"308","Filatex India","FILATEX.NS","512776352","57.86","India"
"309","Gujarat Fluorochemicals","FLUOROCHEM.NS","509906701","4693.85","India"
"310","Sun TV Network","SUNTV.NS","509653869","783.85","India"
"311","West Coast Paper Mills","WSTCSTPAPR.NS","509546600","611.25","India"
"312","Natco Pharma","NATCOPHARM.NS","506694454","1436.25","India"
"313","Strides Pharma","STAR.NS","505260602","1559.45","India"
"314","Radico Khaitan","RADICO.NS","503402432","2150.7","India"
"315","Procter &amp; Gamble India","PGHH.NS","503267972","16634.9","India"
"316","3M India","3MINDIA.NS","502285490","33995","India"
"317","BEML","BEML.NS","496117557","3791.8","India"
"318","Transport Corporation of India","TCI.NS","493957871","1037.75","India"
"319","Honeywell Automation India","HONAUT.NS","490215526","50303.6","India"
"320","Phoenix Mills","PHOENIXLTD.NS","488726158","1628.95","India"
"321","Ramkrishna Forgings","RKFORGE.NS","488339087","999.3","India"
"322","Indorama Synthetics","INDORAMA.NS","486045496","47.46","India"
"323","TANLA","TANLA.NS","482497728","858.1","India"
"324","CenturyPly","CENTURYPLY.NS","480257322","904.9","India"
"325","Devyani International","DEVYANI.NS","468991980","182.01","India"
"326","Gujarat Alkalies and Chemicals","GUJALKALI.NS","464749113","875.3","India"
"327","Punjab &amp; Sind Bank","PSB.NS","460667686","52.16","India"
"328","Prakash Industries","PRAKASH.NS","459953388","169.26","India"
"329","Skipper Limited","SKIPPER.NS","458444152","548.1","India"
"330","Mangalore Chemicals and Fertilizers","MANGCHEFER.NS","457553381","140.04","India"
"331","Galaxy Surfactants","GALAXYSURF.NS","455869662","2931.1","India"
"332","PB Fintech","POLICYBZR.NS","454074932","1639.05","India"
"333","ZF Commercial Vehicle Control Systems India","ZFCVINDIA.NS","451740187","15304.8","India"
"334","Texmaco Rail &amp; Engineering","TEXRAIL.NS","448699137","196.37","India"
"335","Syrma SGS Technology","SYRMA.NS","445603604","416.85","India"
"336","Indiabulls Housing Finance","IBULHSGFIN.NS","442212250","164.4","India"
"337","Emami","EMAMILTD.NS","439231103","730.25","India"
"338","Embassy Office Parks REIT","EMBASSY.BO","438811934","387.76","India"
"339","Sify","SIFY","438283101","284.1566","India"
"340","Tata Elxsi","TATAELXSI.NS","435602424","7675.15","India"
"341","Tejas Networks","TEJASNET.NS","434706130","1189.5","India"
"342","Sandhar","SANDHAR.NS","432772687","574.45","India"
"343","India Glycols","INDIAGLYCO.NS","425968553","1470.5","India"
"344","Prime Focus","PFOCUS.NS","422267978","150.84","India"
"345","Gabriel India","GABRIEL.NS","422264160","458.35","India"
"346","The Tinplate Company Of India","TINPLATE.NS","419550102","430.5","India"
"347","Bata India","BATAINDIA.NS","415825661","1406.1","India"
"348","RattanIndia Power","RTNPOWER.NS","413996996","16.44","India"
"349","Hyderabad Industries Limited","HIL.NS","413960182","2848","India"
"350","Rane Holdings","RANEHOLDIN.NS","410132013","1989.7","India"
"351","Gulf Oil Lubricants","GULFOILLUB.NS","406195979","1313.45","India"
"352","Praj Industries","PRAJIND.NS","405781079","772.4","India"
"353","Global Health Limited (Medanta)","MEDANTA.NS","403771008","1024.7","India"
"354","Syngene International","SYNGENE.NS","402347798","879.9","India"
"355","GTPL Hathway","GTPL.NS","393954288","161.74","India"
"356","Elgi Equipments","ELGIEQUIP.NS","393727629","671.6","India"
"357","Poonawalla Fincorp","POONAWALLA.NS","385003506","380.7","India"
"358","CRISIL","CRISIL.NS","382825249","4711.85","India"
"359","Subros","SUBROS.NS","382637595","680","India"
"360","Infibeam Avenues","INFIBEAM.NS","381980866","28.79","India"
"361","Shriram Pistons &amp; Rings","SHRIPISTON.NS","379779367","2210.3","India"
"362","Parag Milk Foods","PARAGMILK.NS","377831478","227.29","India"
"363","Sheela Foam","SFL.NS","377273891","913.1","India"
"364","Mastek","MASTEK.NS","377266743","2709.8","India"
"365","Vaibhav Global","VAIBHAVGBL.NS","374413869","300.65","India"
"366","Nilkamal","NILKAMAL.NS","374095017","1936.25","India"
"367","Engineers India","ENGINERSIN.NS","370567006","200.71","India"
"368","Hudco","HUDCO.NS","367056580","223.1","India"
"369","Orient Cement","ORIENTCEM.NS","365874638","295.75","India"
"370","sterling &amp; wilson solar","SWSOLAR.NS","365348396","566.4","India"
"371","eClerx Services","ECLERX.NS","362922363","3090.55","India"
"372","Action Construction Equipment","ACE.NS","359724076","1343.85","India"
"373","Timken India","TIMKEN.NS","355549053","3733.3","India"
"374","Suprajit Engineering","SUPRAJIT.NS","354281809","505.4","India"
"375","Sumitomo Chemical
 India","SUMICHEM.NS","352074283","545.1","India"
"376","VRL Logistics","VRLLOG.NS","351090149","575.35","India"
"377","Relaxo Footwear","RELAXO.NS","350971971","796.9","India"
"378","Graphite India","GRAPHITE.NS","348747415","579.05","India"
"379","VA Tech Wabag","WABAG.NS","348214146","1562.45","India"
"380","Himatsingka Seide","HIMATSEIDE.NS","347543716","147.55","India"
"381","City Union Bank","CUB.NS","346770688","153.9","India"
"382","Orient Electric","ORIENTELEC.NS","338664677","236.46","India"
"383","Gokaldas Exports","GOKEX.NS","335643892","932.15","India"
"384","KCP Limited","KCP.NS","334641881","237.45","India"
"385","Lumax Industries","LUMAXIND.NS","334208034","2466.9","India"
"386","SJVN","SJVN.NS","333183954","120.19","India"
"387","Godrej Properties","GODREJPROP.NS","326902308","3014.25","India"
"388","Grindwell Norton","GRINDWELL.NS","325028425","2416.5","India"
"389","Indian Metals &amp; Ferro Alloys","IMFA.NS","324629769","706.75","India"
"390","Linde India","LINDEINDIA.NS","324243744","8147.75","India"
"391","Ola Electric Mobility","OLAELEC.NS","316743008","90.2","India"
"392","Prince Pipes And Fittings","PRINCEPIPE.NS","314502888","546.95","India"
"393","Confidence Petroleum","CONFIPET.NS","312283289","81.39","India"
"394","Info Edge","NAUKRI.NS","310591374","8363.3","India"
"395","Somany Ceramics","SOMANYCERA.NS","310010708","720.25","India"
"396","Sanofi India Limited","SANOFI.NS","308663603","6915.1","India"
"397","Cosmo First","COSMOFIRST.NS","308465475","766.15","India"
"398","Sudarshan Chemical","SUDARSCHEM.NS","305713049","1201.1","India"
"399","EIH Limited","EIHOTEL.NS","304897964","430.2","India"
"400","Puravankara","PURVA.NS","302496633","394.45","India"
"401","Gujarat Mineral Development","GMDCLTD.NS","301913522","340","India"
"402","INEOS Styrolution","INEOSSTYRO.NS","298877595","807.8","India"
"403","Zydus Wellness","ZYDUSWELL.NS","294665676","1956.25","India"
"404","Huhtamaki India","HUHTAMAKI.NS","293438811","400.2","India"
"405","Aarti Drugs","AARTIDRUGS.NS","290885754","509.9","India"
"406","Spandana Sphoorty Financial","SPANDANA.NS","290087779","538.15","India"
"407","RITES","RITES.NS","287529214","313.6","India"
"408","Metro Brands","METROBRAND.NS","282165800","1225.6","India"
"409","JCI Hitachi India","JCHAC.NS","281697021","2560.85","India"
"410","KSB ltd","KSB.NS","281050053","997.8","India"
"411","Greenlam Industries","GREENLAM.NS","280548092","509.15","India"
"412","Lux Industries","LUXIND.NS","279596050","2073.15","India"
"413","Spencer's Retail","SPENCERS.NS","278925569","99.79","India"
"414","SML Isuzu","SMLISUZU.NS","277327250","1835.4","India"
"415","Schneider Electric Infrastructure","SCHNEIDER.NS","276662392","860.45","India"
"416","Heidelbergcement India","HEIDELBERG.NS","276414146","224.39","India"
"417","JTEKT India","JTEKTINDIA.NS","275854864","175.94","India"
"418","Jay Bharat Maruti","JAYBARMARU.NS","275214688","98.07","India"
"419","Greenply","GREENPLY.NS","274671427","378.5","India"
"420","Dr Lal PathLabs","LALPATHLAB.NS","274622883","3505.95","India"
"421","HBL Power Systems","HBLPOWER.NS","274454339","604.7","India"
"422","HEG","HEG.NS","273724703","2458.85","India"
"423","Marksans Pharma","MARKSANS.NS","272283133","289.15","India"
"424","Bharat Dynamics","BDL.NS","269259856","1221.95","India"
"425","VIP Industries","VIPIND.NS","268993699","547.45","India"
"426","360 One Wam","360ONE.NS","264118566","1056.9","India"
"427","Rico Auto Industries","RICOAUTO.NS","259983470","107.91","India"
"428","Automotive Axles","AUTOAXLES.NS","256703023","1881.2","India"
"429","I.g. Petrochemicals","IGPL.NS","255576804","586.2","India"
"430","Fine Organics","FINEORG.NS","255123962","5080.5","India"
"431","Southern Petrochemical Industries Corp","SPIC.NS","254359157","84.54","India"
"432","CSB Bank","CSBBANK.NS","254089109","307.3","India"
"433","Capacit'e Infraprojects","CAPACITE.NS","248168622","396.4","India"
"434","FDC India","FDC.NS","245483707","536.2","India"
"435","Azure Power","AZREF","245371464","25.221","India"
"436","Siyaram Silk Mills","SIYSIL.NS","245023301","526.8","India"
"437","Inox Wind","INOXWIND.NS","244953703","218.61","India"
"438","Hathway","HATHWAY.NS","236980977","20.09","India"
"439","Tide Water Oil","TIDEWATER.NS","232238745","2140.4","India"
"440","Jagran Prakashan","JAGRAN.NS","230923482","92.24","India"
"441","Jindal Worldwide","JINDWORLD.NS","227583611","313.9","India"
"442","Kalyani Steels","KSL.NS","227426830","834.35","India"
"443","Dhampur Sugar Mills","DHAMPURSUG.NS","226869047","213.59","India"
"444","Cigniti Technologies","CIGNITITEC.NS","221382129","1390.45","India"
"445","Hindustan Copper","HINDCOPPER.NS","220830811","315.85","India"
"446","Cera Sanitaryware","CERA.NS","220807054","7899.65","India"
"447","Dish TV","DISHTV.NS","217514537","14.25","India"
"448","Indoco Remedies","INDOCO.NS","215595754","337.3","India"
"449","Hikal","HIKAL.NS","214453787","340","India"
"450","BLS International","BLS.NS","214410165","362.7","India"
"451","Aavas Financiers","AAVAS.NS","210761490","1718.85","India"
"452","Omaxe","OMAXE.NS","209177771","129.26","India"
"453","Gati","GATI.NS","208971796","137.05","India"
"454","Vesuvius India","VESUVIUS.NS","208555694","5345.35","India"
"455","NACL Industries","NACLIND.NS","207467093","53.14","India"
"456","Voltamp Transformers","VOLTAMP.NS","205926589","13599","India"
"457","Happiest Minds Technologies","HAPPSTMNDS.NS","203803757","800.75","India"
"458","Federal-Mogul Goetze","FMGOETZE.NS","203634242","419.05","India"
"459","Mangalam Cement","MANGLMCEM.NS","202364045","862.3","India"
"460","Nectar Lifesciences","NECLIFE.NS","197954826","39.09","India"
"461","Anant Raj","ANANTRAJ.NS","196745518","750.2","India"
"462","GE Power India","GEPIL.NS","195409694","404.05","India"
"463","Indian Telephone Industries","ITI.NS","195208819","248.25","India"
"464","Neuland Laboratories","NEULANDLAB.NS","191169983","14247.6","India"
"465","MM Forgings","MMFL.NS","189277235","571.25","India"
"466","Hindustan Sanitaryware &amp; Industries","HSIL.NS","188641904","316.9439","India"
"467","Safari Industries India","SAFARI.NS","188523900","2611","India"
"468","Kingfa Science & Technology","KINGFA.NS","187938334","3333.45","India"
"469","MOIL","MOIL.NS","187569853","382.75","India"
"470","Dollar Industries","DOLLAR.NS","186477013","545.55","India"
"471","Greenpanel Industries","GREENPANEL.NS","185215194","398.9","India"
"472","Asian Granito India","ASIANTILES.NS","184014959","78.95","India"
"473","Gateway Distriparks","GATEWAY.NS","182441061","87.79","India"
"474","KIOCL","KIOCL.NS","180135248","372.2","India"
"475","Bodal Chemicals","BODALCHEM.NS","178159985","82.91","India"
"476","Chalet Hotels","CHALET.NS","176168054","890","India"
"477","Ebixcash India","EBIXFOREX.NS","174505904","614.5517","India"
"478","Campus Activewear","CAMPUS.NS","172117081","315.5","India"
"479","Sequent Scientific","SEQUENT.NS","171282403","192.72","India"
"480","Symphony Limited","SYMPHONY.NS","165961250","1824.7","India"
"481","Borosil","BORORENEW.NS","165550015","461.9","India"
"482","BSE","BSE.NS","164629976","4496.45","India"
"483","GTL Infrastructure","GTLINFRA.NS","162272075","2.36","India"
"484","Vedant Fashions","MANYAVAR.NS","155558434","1320.05","India"
"485","ESAB India","ESABINDIA.NS","152536711","6151.75","India"
"486","Olectra Greentech","OLECTRA.NS","150321979","1752.1","India"
"487","IndiaMART","INDIAMART.NS","149582970","3011.4","India"
"488","Gallantt Ispat","GALLISPAT.NS","149382390","64.9","India"
"489","Barbeque Nation Hospitality","BARBEQUE.NS","147829718","681.1","India"
"490","Tata Teleservices","TTML.NS","147047542","81.9","India"
"491","Rupa Company","RUPA.NS","147004840","287.35","India"
"492","Kaveri Seed","KSCL.NS","145876113","935.65","India"
"493","Ingersoll Rand India","INGERRAND.NS","145078802","4434.75","India"
"494","Vadilal Industries","VADILALIND.NS","141486480","4048.85","India"
"495","Kuantum Papers","KUANTUM.NS","140800715","137.7","India"
"496","Nazara Technologies","NAZARA.NS","136147095","923.4","India"
"497","Jio Financial Services","JIOFIN.NS","135756925","341.5","India"
"498","Monte Carlo Fashions","MONTECARLO.NS","125985452","840.1","India"
"499","Ethos Watches","ETHOSLTD.NS","125122980","3092.85","India"
"500","Apollo Pipes","APOLLOPIPE.NS","124264003","568.5","India"
"501","Coffee Day Enterprises","COFFEEDAY.NS","123183308","36.14","India"
"502","Mishra Dhatu Nigam","MIDHANI.NS","120673586","376.7","India"
"503","Kellton Tech Solutions","KELLTONTEC.NS","119549742","146.99","India"
"504","Sterling Tools","STERTOOLS.NS","119209454","574.65","India"
"505","Shalby","SHALBY.NS","117308245","263.5","India"
"506","Ashiana Housing","ASHIANA.NS","113128942","308.25","India"
"507","Astra Microwave","ASTRAMICRO.NS","111670748","860.1","India"
"508","Honda Siel Power Products","HONDAPOWER.NS","110866555","4154.2","India"
"509","TCNS Clothing","TCNSBRANDS.NS","110658819","583.3","India"
"510","CDSL","CDSL.NS","110439497","1478.05","India"
"511","Vst Tillers Tractors","VSTTILLERS.NS","109555100","4512.55","India"
"512","KFin Technologies","KFINTECH.NS","107277599","1044.1","India"
"513","Srei Infrastructure Finance","SREINFRA.NS","105290793","2.1","India"
"514","Excel Industries","EXCELINDUS.NS","105249566","1626.6","India"
"515","Sanghi Industries","SANGHIIND.NS","105237058","83.11","India"
"516","Delta Corp","DELTACORP.NS","104115847","124.73","India"
"517","Oriental Aromatics","OAL.NS","102274990","509.2","India"
"518","Kewal Kiran Clothing","KKCL.NS","100062825","666.25","India"
"519","Avalon Technologies","AVALON.NS","99832515","626.55","India"
"520","Nucleus Software Exports","NUCLEUS.NS","97850730","1299.6","India"
"521","Sunteck Realty","SUNTECK.NS","97232321","556.25","India"
"522","Orient Paper Mills","ORIENTPPR.NS","97227089","46.82","India"
"523","Kokuyo Camlin","KOKUYOCMLN.NS","96898884","182.81","India"
"524","3i Infotech","3IINFOLTD.NS","95960891","30.33","India"
"525","Bliss GVS Pharma","BLISSGVS.NS","94853406","128.06","India"
"526","Mahanagar Telephone Nigam","MTNL.NS","93996220","50.94","India"
"527","Multi Commodity Exchange","MCX.NS","92694930","6410.55","India"
"528","Apex Frozen Foods","APEX.NS","91569834","244.23","India"
"529","MSTC Limited","MSTCLTD.NS","91400494","686.15","India"
"530","Igarashi Motors India","IGARASHI.NS","91263656","638.35","India"
"531","India Nippon Electricals","INDNIPPON.NS","90136802","705.6","India"
"532","India Motor Parts and Accessories","IMPAL.NS","89384244","1287.6","India"
"533","PTC Financial Services","PFS.NS","87918243","47.96","India"
"534","Hindustan Oil Exploration Company","HINDOILEXP.NS","86141361","217.78","India"
"535","Repco Home Finance","REPCOHOME.NS","84226148","497.55","India"
"536","Hindustan Media Ventures","HMVL.NS","83763680","94.1","India"
"537","Rane Brake Lining","RBL.NS","80069081","1159.9","India"
"538","Kitex Garments","KITEX.NS","79418519","522.45","India"
"539","Cantabil Retail India","CANTABIL.NS","75949155","237.14","India"
"540","Balaji Telefilms","BALAJITELE.NS","74701965","63.26","India"
"541","EaseMyTrip","EASEMYTRIP.NS","74327805","34.19","India"
"542","Aether Industries","AETHER.NS","74088920","948.5","India"
"543","Mirza International","MIRZAINT.NS","73719317","42.73","India"
"544","Future Supply Chain Solutions","FSC.NS","72654628","2.12","India"
"545","RPG Life Sciences","RPGLIFE.NS","71451437","2806.9","India"
"546","MPS Limited","MPSLTD.NS","71248572","2092.3","India"
"547","Anup Engineering","ANUP.NS","67368010","2735.15","India"
"548","Geojit Financial Services","GEOJITFSL.NS","66464720","137.94","India"
"549","Accelya","ACCELYA.NS","61323973","1767.85","India"
"550","Hinduja Ventures","NXTDIGITAL.NS","60109732","117","India"
"551","India Tourism Development Corp","ITDC.NS","59882658","658.1","India"
"552","Foseco India","FOSECOIND.NS","59127509","4706","India"
"553","Wonderla Holidays","WONDERLA.NS","56573165","903.05","India"
"554","Indian Energy Exchange","IEX.NS","56226714","204.59","India"
"555","Unitech Group","UNITECH.NS","56077743","11.18","India"
"556","Navkar Corp","NAVKARCORP.NS","53658614","125.42","India"
"557","Tata Investment Corporation","TATAINVEST.NS","53626209","7048.3","India"
"558","Sasken Technologies","SASKEN.NS","51777023","1706.8","India"
"559","Aptech","APTECHT.NS","50272476","214.83","India"
"560","Milkfood Limited","MLKFOOD.BO","50093865","137.25","India"
"561","Paisalo Digital","PAISALO.NS","49900063","52.39","India"
"562","Yatra","YTRA","49640362","142.919","India"
"563","MapmyIndia","MAPMYINDIA.NS","46999449","2135.15","India"
"564","eMudhra","EMUDHRA.NS","46319639","952.5","India"
"565","Astec Lifesciences","ASTEC.NS","46181485","1093.2","India"
"566","Reliance Communications","RCOM.NS","45742223","2.58","India"
"567","CARE's Ratings","CARERATING.NS","41323576","1230.35","India"
"568","Modern Dairies Limited","MODAIRY.BO","40921308","56.06","India"
"569","Imagicaaworld Entertainment","IMAGICAA.NS","40841985","79.54","India"
"570","Zee Learn","ZEELEARN.NS","39727407","11.1","India"
"571","Nelco","NELCO.NS","38602417","1002.25","India"
"572","Quick Heal","QUICKHEAL.NS","37290689","811.7","India"
"573","Vidhi Specialty Food","VIDHIING.NS","36823017","480.55","India"
"574","Mahindra Lifespaces","MAHLIFE.NS","36267362","508.15","India"
"575","Hester Biosciences","HESTERBIO.NS","35889814","2348.65","India"
"576","Sundaram Finance","SUNDARMHLD.NS","33640194","346.95","India"
"577","Radio City","RADIOCITY.NS","28381155","15.73","India"
"578","Wendt India","WENDT.NS","26703556","14724.2","India"
"579","JSW Holdings","JSWHL.NS","20501397","8974.75","India"
"580","Jump Networks","JUMPNET.NS","19491459","10.0884","India"
"581","Alembic Limited","ALEMBICLTD.NS","19334456","138.38","India"
"582","SPARC","SPARC.NS","8213142","213.18","India"
"583","IDFC","IDFC.NS","6087676","108.78","India"
"584","MEP Infrastructure","MEP.NS","5928520","4.26","India"
"585","N.B.I. Industrial Finance","NBIFIN.NS","1547593","2388.3","India"
"586","MMTC","MMTC.NS","-25064896","85.06","India"
