,Name,Symbol,country,price (INR),marketcap,revenue_ttm,operating_margin_ttm,earnings_ttm,employees_count,pe_ratio_ttm
0,Reliance Industries,RELIANCE.NS,India,2744.2,1856816.28,111086.83,11.19,12437.0,236334,26.6043
1,Tata Consultancy Services,TCS.NS,India,4149.2,1501217.95,29032.76,26.05,7564.95,601546,33.3694
2,HDFC Bank,HDB,India,5089.5978,1294585.02,34078.96,29.13,9928.92,173222,20.4516
3,Bharti Airtel,BHARTIARTL.NS,India,1687.4,1010364.53,18134.37,11.15,2023.08,23628,124.105
4,ICICI Bank,IBN,India,2412.809,862516.53,20616.38,37.12,7654.64,157799,20.6083
5,Infosys,INFY,India,1927.7251,805875.86,18660.0,24.18,4512.0,317240,31.875
6,State Bank of India,SBIN.NS,India,799.75,713745.66,39589.04,28.03,11098.8,232296,10.4299
7,Hindustan Unilever,HINDUNILVR.NS,India,2783.2,653937.87,7350.18,23.45,1723.8,19427,62.0506
8,ITC,ITC.NS,India,488.2,610621.04,8598.7,37.95,3263.74,37312,29.4841
9,Life Insurance Corporation of India (LIC),LICI.NS,India,948.85,600303.26,104146.0,4.82,5026.47,104036,12.9607
10,HCL Technologies,HCLTECH.NS,India,1839.65,497833.21,13407.03,19.68,2638.59,219325,1.42228
11,Larsen &amp; Toubro,LT.NS,India,3482.55,478847.12,27173.41,10.78,2930.18,54303,39.1831
12,Sun Pharmaceutical,SUNPHARMA.NS,India,1901.95,456340.59,5822.51,24.8,1444.27,38000,52.4552
13,Bajaj Finance,BAJFINANCE.NS,India,7302.0,451621.37,4353.16,55.22,2403.91,35425,33.0363
14,NTPC Limited,NTPC.NS,India,422.5,409975.0,22083.29,21.83,4822.13,15786,22.8359
15,Maruti Suzuki India,MARUTI.NS,India,12776.6,401701.73,16562.05,13.88,2299.18,16259,34.6089
16,Tata Motors,TATAMOTORS.NS,India,930.7,381758.24,52916.07,7.29,3861.84,91496,463.183
17,Kotak Mahindra Bank,KOTAKBANK.NS,India,1882.4,374251.24,8649.62,38.98,3371.63,103000,21.4233
18,Oil &amp; Natural Gas,ONGC.NS,India,292.55,368162.45,77528.55,12.05,9349.9,27165,9.56071
19,Axis Bank,AXISBANK.BO,India,1172.4,362678.43,9488.08,45.08,4277.39,104633,27.1068
20,Adani Enterprises,ADANIENT.NS,India,3137.2,357640.8,11567.94,10.2,1180.05,8676,143.325
21,Mahindra &amp; Mahindra,M&M.NS,India,3134.35,349517.64,16736.77,11.7,2863.64,260000,29.3876
22,Bajaj Auto,BAJAJ-AUTO.NS,India,11877.0,332439.41,5436.65,23.0,1250.98,6192,48.2219
23,UltraTech Cement,ULTRACEMCO.NS,India,11421.3,329321.76,8552.23,14.47,1237.67,21942,56.7109
24,Titan Company,TITAN.NS,India,3474.4,308200.81,6399.37,10.0,640.44,8680,93.6458
25,Powergrid Corporation of India,POWERGRID.NS,India,330.05,306966.27,5498.72,61.0,3354.56,8536,18.0071
26,Adani Ports & SEZ,ADANIPORTS.NS,India,1408.25,304383.39,3291.85,50.53,1663.51,3129,47.3982
27,Coal India,COALINDIA.NS,India,492.95,303791.79,15598.14,40.68,6344.69,248550,10.8753
28,Bajaj Finserv,BAJAJFINSV.NS,India,1876.4,299034.37,12719.73,39.81,5064.85,92079,39.5223
29,DMart,DMART.NS,India,4572.7,297560.68,6362.05,6.82,434.39,11312,125.02
30,Hindustan Aeronautics,HAL.NS,India,4446.15,297347.37,3432.19,37.6,1290.3,24375,32.8082
31,Trent Limited,TRENT.NS,India,8234.95,292904.0,1642.45,16.15,265.23,25277,587.004
32,Asian Paints,ASIANPAINT.NS,India,3037.2,291281.15,4224.16,19.45,821.99,9482,56.4221
33,Adani Green Energy,ADANIGREEN.NS,India,1792.2,284042.17,1184.85,19.08,226.12,1597,274.523
34,Wipro,WIT,India,535.5259,279836.37,10947.98,18.31,2004.78,234000,24.51
35,Siemens India,SIEMENS.NS,India,7749.9,275989.42,2560.84,15.61,399.84,8888,131.892
36,Adani Power,ADANIPOWER.NS,India,642.3,247731.24,6510.96,36.7,2389.89,3295,12.4972
37,JSW Steel,JSWSTEEL.NS,India,1012.05,246652.76,20788.19,6.51,1354.83,13301,25.8479
38,Nestl√© India,NESTLEIND.NS,India,2511.8,242176.96,2325.72,22.32,519.12,8736,8.04602
39,Zomato,ZOMATO.NS,India,277.55,241641.11,1669.08,4.48,74.88,4204,-286.39
40,Indian Oil,IOC.NS,India,163.15,230387.35,92218.27,5.55,5126.3,31254,9.47701
41,Jio Financial Services,JIOFIN.NS,India,341.5,216964.52,135.76,77.6,105.43,0,6782.43
42,Hindustan Zinc,HINDZINC.NS,India,504.15,213019.5,3465.15,40.65,1408.64,3492,24.7918
43,DLF,DLF.NS,India,846.6,209559.75,742.89,36.11,268.26,2417,91.8327
44,Bharat Electronics,BEL.NS,India,285.9,208986.61,2526.14,26.67,673.79,8853,59.9612
45,Tata Steel,TATASTEEL.NS,India,160.66,200559.91,26735.54,3.06,818.97,121869,-31.9744
46,Indian Railway Finance,IRFC.NS,India,152.4,199189.84,3195.61,45.67,1458.92,37,32.037
47,Vedanta,VEDL.NS,India,497.5,194214.05,17251.63,21.39,3691.97,17526,17.1386
48,Varun Beverages,VBL.NS,India,592.35,192431.99,2116.3,18.34,388.09,9973,39.9484
49,LTIMindtree,LTIM.NS,India,6410.95,189810.92,4316.95,17.24,744.67,81650,42.0392
50,Grasim Industries,GRASIM.NS,India,2725.55,182864.25,15938.18,9.97,1589.22,23591,27.0603
51,InterGlobe Aviation,INDIGO.NS,India,4693.45,181294.85,8618.61,16.9,1456.68,26164,46.1906
52,ABB India,ABB.NS,India,8553.7,181259.74,1362.8,19.07,259.98,3384,169.796
53,SBI Life Insurance,SBILIFE.NS,India,1735.05,174089.71,16660.56,1.5,250.59,20787,92.3953
54,Hindalco Industries,HINDALCO.NS,India,747.35,165958.03,26271.59,8.76,2303.31,35869,19.2223
55,Divis Laboratories,DIVISLAB.NS,India,6142.25,163057.7,976.72,27.96,273.09,16543,107.696
56,Pidilite,PIDILITIND.NS,India,3110.2,158189.13,1495.59,20.1,300.74,7310,111.27
57,HDFC Life,HDFCLIFE.NS,India,723.85,155868.06,12687.96,1.64,209.16,32448,106.321
58,Power Finance Corp,PFC.NS,India,467.85,154395.19,4263.8,98.77,4211.51,501,8.27796
59,GAIL,GAIL.NS,India,229.4,150832.34,16184.68,11.25,1821.99,4754,30.7472
60,Samvardhana Motherson,MOTHERSON.NS,India,212.82,149746.54,12487.62,5.04,629.38,47456,75.1403
61,Tata Power,TATAPOWER.NS,India,461.15,147353.11,7499.69,9.19,689.9,23025,41.0009
62,Tech Mahindra,TECHM.NS,India,1647.05,145671.86,6224.02,6.62,412.26,116331,39.6261
63,Bharat Petroleum,BPCL.NS,India,337.65,144478.74,53806.96,5.79,3116.46,8594,2.5632
64,Ambuja Cements,AMBUJACEM.NS,India,585.2,144191.53,3857.1,18.0,694.38,3548,44.2337
65,Britannia Industries,BRITANNIA.NS,India,5978.5,144002.93,2005.77,18.61,373.48,4467,55.7616
66,Rural Electrification Corp,RECLTD.NS,India,537.9,141640.91,2200.54,0.0,2231.59,440,10.9485
67,Godrej,GODREJCP.NS,India,1315.7,134585.58,1664.89,4.5,75.27,13000,75.5099
68,TVS Motor,TVSMOTOR.NS,India,2794.35,132755.95,4129.0,8.18,337.95,5459,89.3786
69,CG Power and Industrial Solutions,CGPOWER.NS,India,858.15,131213.72,997.55,14.84,148.07,2771,116.904
70,Eicher Motors,EICHERMOT.NS,India,4728.05,129577.4,1997.15,32.96,658.37,4739,39.2183
71,Cipla,CIPLA.NS,India,1595.75,128871.97,3097.79,23.29,721.75,25927,36.6376
72,Cholamandalam Investment and Finance,CHOLAFIN.NS,India,1501.05,126134.14,1300.71,45.48,591.58,9125,40.0409
73,Shriram Transport Finance,SHRIRAMFIN.NS,India,3341.2,125632.12,2456.59,50.46,1239.67,64052,18.7026
74,Bank of Baroda,BANKBARODA.NS,India,242.42,125491.62,8147.74,38.87,3167.0,78122,7.03403
75,JSW Energy,JSWENERGY.NS,India,706.7,123268.27,1366.03,38.56,526.84,2310,64.311
76,Havells India,HAVELLS.NS,India,1938.5,121486.95,2334.26,9.87,230.47,6533,101.152
77,Bajaj Holdings &amp; Investment,BAJAJHLDNG.NS,India,10851.1,120766.23,945.26,97.48,921.51,18,21.3792
78,Punjab National Bank,PNB.NS,India,104.91,120572.02,6784.57,31.72,2152.21,104120,19.21
79,Torrent Pharmaceuticals,TORNTPHARM.NS,India,3497.05,118355.91,1300.12,25.87,336.36,15718,86.4654
80,Adani Energy Solutions,ADANIENSOL.NS,India,976.8,117708.31,2169.18,18.15,393.9,0,85.8193
81,Lodha Group,LODHA.NS,India,1169.85,116462.66,1371.56,21.38,293.25,4560,-199.791
82,BOSCH India,BOSCHLTD.NS,India,38486.8,113511.43,1985.44,19.78,393.01,38700,73.8699
83,Polycab India,POLYCAB.NS,India,7446.85,111992.43,2217.4,12.78,283.58,4843,68.1146
84,Mankind Pharma,MANKIND.NS,India,2792.55,111881.84,1278.57,23.24,297.23,0,70.4569
85,Dr. Reddy's,RDY,India,6578.4775,111232.18,3463.66,25.18,872.39,27048,21.1263
86,Tata Consumer Products,TATACONSUM.NS,India,1113.1,110130.56,1885.96,10.52,198.62,3040,79.5426
87,Hero MotoCorp,HEROMOTOCO.NS,India,5476.3,109515.04,4677.26,14.15,662.24,9173,33.0926
88,Info Edge,NAUKRI.NS,India,8363.3,108198.52,310.59,38.39,119.25,4785,-832.452
89,United Spirits,UNITDSPR.BO,India,1520.3,107949.66,1362.95,16.48,224.62,2598,78.0524
90,ICICI Prulife,ICICIPRULI.NS,India,742.55,107284.37,10946.58,1.06,116.69,18842,115.704
91,Zydus Lifesciences,ZYDUSLIFE.NS,India,1064.4,107103.13,2402.65,27.16,652.65,23000,41.6347
92,IndusInd Bank,INDUSINDBK.NS,India,1347.6,104977.1,3695.75,39.11,1445.63,33582,12.3147
93,Indian Overseas Bank,IOB.NS,India,54.29,102734.06,1904.19,17.89,340.83,22052,54.7366
94,Solar Industries India,SOLARINDS.NS,India,11318.4,102420.76,710.89,23.8,169.21,1781,125.232
95,ICICI Lombard,ICICIGI.NS,India,2067.35,102320.19,2722.59,12.38,337.26,13670,56.7392
96,Jindal Steel &amp; Power,JINDALSTEL.NS,India,1005.85,101774.92,6190.33,15.59,965.46,6200,34.4413
97,Suzlon,SUZLON.NS,India,74.39,101666.58,860.1,12.01,103.33,1592,186.811
98,Lupin Limited,LUPIN.NS,India,2224.5,101487.92,2452.56,15.26,374.32,20933,101.745
99,Dabur,DABUR.NS,India,570.85,101207.71,1498.41,20.24,303.34,5319,56.555
100,Indian Hotels Company,INDHOTEL.NS,India,708.55,100857.13,790.94,29.03,229.61,18359,91.1377
101,Apollo Hospitals,APOLLOHOSP.NS,India,6983.4,100410.81,2344.72,9.65,226.34,71113,146.59
102,Colgate-Palmolive India,COLPAL.NS,India,3689.65,100362.91,701.96,32.61,228.9,2221,83.9742
103,Cummins India,CUMMINSIND.NS,India,3614.15,100184.23,1074.37,26.22,281.71,3161,70.7821
104,Indus Towers,INDUSTOWER.NS,India,378.5,99844.14,3470.56,30.8,1068.82,3163,35.5029
105,Oil India,OIL.NS,India,584.55,95316.14,4127.2,28.22,1164.7,6256,8.42841
106,Canara Bank,CANBK.NS,India,104.06,94389.19,8134.19,31.15,2533.98,84978,1.33249
107,GMR Group,GMRINFRA.NS,India,88.42,93383.9,1097.15,24.25,266.14,40,-141.406
108,MakeMyTrip,MMYT,India,8490.2293,93207.43,840.31,12.36,103.87,4576,418.983
109,Max Healthcare Institute,MAXHEALTH.NS,India,939.8,91360.96,679.98,24.41,166.06,15000,75.9452
110,NHPC Limited,NHPC.NS,India,90.92,91329.13,1103.41,51.29,565.94,5092,22.911
111,Torrent Power,TORNTPOWER.NS,India,1886.4,90663.59,3433.55,14.46,496.56,7603,41.5628
112,Dixon Technologies,DIXON.NS,India,15143.6,90614.46,2520.97,3.2,80.86,1755,317.502
113,IDBI Bank,IDBI.NS,India,83.28,89545.99,1969.92,39.4,776.58,17047,18.4228
114,Marico,MARICO.NS,India,685.5,88659.15,1169.26,20.27,237.11,1657,67.7465
115,Shree Cement,SHREECEM.NS,India,24337.0,87809.79,2419.22,13.9,336.37,6451,54.8874
116,Union Bank of India,UNIONBANK.NS,India,114.12,87114.76,6721.29,24.24,1630.41,75866,6.45616
117,Aurobindo Pharma,AUROPHARMA.NS,India,1495.85,86879.27,3526.2,17.75,625.99,15431,43.3093
118,Hindustan Petroleum,HINDPETRO.NS,India,395.5,84155.28,52065.13,3.42,1786.59,9065,6.58673
119,Godrej Properties,GODREJPROP.NS,India,3014.25,83814.84,326.9,52.18,170.6,3015,123.319
120,Adani Total Gas,ATGL.NS,India,757.35,83327.43,544.45,20.43,111.26,549,143.048
121,Persistent Systems,PERSISTENT.NS,India,5469.55,83316.56,1229.05,15.52,190.8,0,42.4173
122,Tube Investments of India,TIINDIA.NS,India,4225.65,81756.19,2041.06,10.71,218.63,3233,78.1001
123,Prestige Group,PRESTIGE.NS,India,1854.5,79878.87,967.48,42.86,414.84,9024,72.3391
124,Muthoot Finance,MUTHOOTFIN.NS,India,1945.45,78108.85,1243.43,60.19,748.58,26716,19.9997
125,PB Fintech,POLICYBZR.NS,India,1639.05,74346.33,454.07,4.21,19.13,11694,-241.423
126,Kalyan Jewellers India,KALYANKJIL.NS,India,720.3,74234.84,2356.94,5.84,137.84,0,120.277
127,Alkem Laboratories,ALKEM.NS,India,6191.3,74026.27,1501.25,19.07,286.34,16966,63.3122
128,Bharti Hexacom,BHARTIHEXA.NS,India,1445.4,72270.0,801.33,19.85,159.12,0,128.55
129,Indian Railway Catering & Tourism,IRCTC.NS,India,889.2,71164.19,526.8,36.75,193.62,1363,70.1703
130,Indian Bank,INDIANB.NS,India,524.55,70675.24,3910.68,27.56,1078.11,41699,9.30567
131,Oberoi Realty,OBEROIRLTY.NS,India,1919.15,70007.14,599.16,60.91,364.94,934,47.2191
132,SBI Card,SBICARD.NS,India,733.75,69799.29,1589.34,24.43,388.29,3907,29.5853
133,SRF Limited,SRF.NS,India,2348.75,69622.82,1563.5,14.25,222.9,7171,39.3938
134,Linde India,LINDEINDIA.NS,India,8147.75,69487.43,324.24,22.09,71.65,242,156.053
135,Bharat Forge,BHARATFORG.NS,India,1492.35,69482.17,1833.5,12.2,223.84,4079,115.416
136,PI Industries,PIIND.NS,India,4523.6,68623.46,932.91,26.37,246.08,3079,49.6557
137,General Insurance Corporation of India,GICRE.NS,India,390.4,68500.76,5883.96,17.07,1004.47,494,9.34455
138,National Mineral Development Corporation,NMDC.NS,India,233.68,68482.49,2560.14,39.58,1013.49,5539,11.5161
139,Hitachi Energy India,POWERINDIA.NS,India,15899.2,67383.51,646.47,5.19,33.58,0,1217.1
140,Yes Bank,YESBANK.NS,India,21.4,67113.61,1645.2,12.86,211.54,27517,72.3421
141,Ashok Leyland,ASHOKLEY.NS,India,227.86,66909.5,5598.58,15.91,891.1,9603,36.6936
142,Berger Paints,BERGEPAINT.NS,India,571.55,66631.3,1340.07,14.51,194.55,3931,61.048
143,Supreme Industries,SUPREMEIND.NS,India,5224.4,66380.18,1242.28,14.29,177.54,4647,72.7802
144,Vodafone Idea,IDEA.NS,India,9.18,64053.18,5096.39,-10.21,-520.52,9370,-1.25055
145,Patanjali Foods,PATANJALI.NS,India,1743.5,63100.58,3737.09,4.76,178.11,3547,71.3132
146,Jindal Stainless,JSL.NS,India,754.45,62124.06,4539.2,10.83,491.72,1761,18.2801
147,Abbott India,ABBOTINDIA.NS,India,28808.2,61215.51,711.43,28.28,201.26,3700,57.8263
148,Schaeffler India,SCHAEFFLER.NS,India,3898.35,60932.77,911.1,16.27,148.26,2871,64.964
149,BSE,BSE.NS,India,4496.45,60910.27,164.63,45.49,74.85,485,97.4621
150,Voltas,VOLTAS.NS,India,1789.45,59210.22,1677.42,5.65,94.78,1938,289.184
151,Balkrishna Industries,BALKRISIND.NS,India,3023.4,58447.46,1183.62,21.81,258.22,3472,54.7464
152,Phoenix Mills,PHOENIXLTD.NS,India,1628.95,58233.33,488.73,50.88,248.71,96,33.1756
153,Thermax,THERMAX.NS,India,5155.25,58065.64,1139.15,10.94,124.74,4818,126.005
154,Aditya Birla Capital,ABCAPITAL.NS,India,220.84,57464.33,5150.47,36.27,569.61,30905,10.4472
155,UNO Minda,UNOMINDA.NS,India,985.75,56598.21,1757.03,9.27,162.97,9881,80.1721
156,Madras Rubber Factory,MRF.NS,India,132198.0,56066.85,3093.42,12.07,373.64,19209,44.3884
157,Tata Communications,TATACOMM.NS,India,1963.75,56015.58,2620.82,11.56,211.43,7144,52.8374
158,L&amp;T Technology Services,LTTS.NS,India,5234.2,55397.72,1177.47,18.93,222.99,21271,43.2539
159,Steel Authority of India,SAIL.NS,India,134.03,55361.5,12608.48,3.68,464.97,62181,34.3313
160,United Breweries,UBL.NS,India,2085.95,55153.56,969.62,7.47,72.52,2837,215.259
161,Nykaa,NYKAA.NS,India,192.01,54880.87,805.55,2.48,20.05,2764,2504.8
162,Container Corporation of India,CONCOR.NS,India,893.9,54464.79,1060.55,19.7,209.02,1359,45.0696
163,Mphasis,MPHASIS.NS,India,2876.35,54426.87,1614.62,16.85,272.09,24518,33.1272
164,IDFC FIRST Bank,IDFCFIRSTB.NS,India,72.37,54152.52,2826.7,15.77,445.85,27804,16.4162
165,Procter &amp; Gamble India,PGHH.NS,India,16634.9,53998.05,503.27,23.04,116.0,432,71.79
166,Petronet LNG,PETRONET.NS,India,355.15,53279.96,6541.59,9.55,625.21,519,15.1152
167,Gujarat Fluorochemicals,FLUOROCHEM.NS,India,4693.85,51603.25,509.91,11.18,57.03,2830,41.255
168,AU Small Finance Bank,AUBANK.NS,India,690.4,51333.8,937.46,27.59,258.75,29738,28.1278
169,Astral Poly Technik,ASTRAL.NS,India,1897.45,50970.63,687.81,13.23,91.04,4140,90.9212
170,Page Industries,PAGEIND.NS,India,45370.2,50605.41,551.34,17.69,97.59,23853,94.5446
171,Glenmark Pharmaceuticals,GLENMARK.NS,India,1790.65,50530.0,1423.88,6.67,94.85,15415,194.017
172,Central Bank of India,CENTRALBK.NS,India,56.96,49446.63,2193.3,13.41,294.31,31610,20.8713
173,Coforge,COFORGE.NS,India,7380.6,49228.6,1123.57,12.4,139.44,23224,64.248
174,KPIT Technologies,KPITTECH.NS,India,1789.05,48546.58,616.89,17.52,108.1,6698,97.5613
175,Motilal Oswal Financial Services,MOTILALOFS.NS,India,808.55,48429.07,680.16,79.99,544.03,11300,6.1048
176,Coromandel,COROMANDEL.NS,India,1638.95,48234.63,1550.13,16.6,257.24,5064,23.4125
177,Bank of India,BANKINDIA.NS,India,105.53,48044.33,3563.3,32.8,1168.98,50944,10.9517
178,Tata Elxsi,TATAELXSI.NS,India,7675.15,47819.33,435.6,29.59,128.94,11639,59.7655
179,SJVN,SJVN.NS,India,120.19,47232.27,333.18,64.63,215.37,1418,41.7273
180,Paytm,PAYTM.NS,India,724.5,46131.3,1097.22,-20.51,-225.01,17964,-37.4504
181,Federal Bank,FEDERALBNK.NS,India,187.55,45994.76,1549.02,42.33,655.87,12641,10.8149
182,Fortis Healthcare,FORTIS.NS,India,600.3,45320.13,844.78,14.62,123.55,13010,76.3816
183,Exide Industries,EXIDEIND.NS,India,530.5,45092.5,2024.56,8.09,163.91,5151,52.9888
184,Bharat Dynamics,BDL.NS,India,1221.95,44812.33,269.26,34.88,93.92,2662,61.7658
185,Hudco,HUDCO.NS,India,223.1,44662.39,367.06,95.83,351.76,703,25.1208
186,Honeywell Automation India,HONAUT.NS,India,50303.6,44476.07,490.22,17.72,86.89,2950,98.8416
187,Adani Wilmar,AWL.NS,India,337.45,43877.27,6290.18,2.63,165.66,2600,334.434
188,UPL,UPL.NS,India,583.05,43764.2,5126.47,-5.8,-297.87,13054,24.8593
189,APL Apollo,APLAPOLLO.NS,India,1571.7,43618.6,2146.74,5.41,116.33,2137,57.9457
190,ACC,ACC.NS,India,2312.45,43484.0,2344.29,14.24,334.04,3852,42.4854
191,Escorts Kubota,ESCORTS.NS,India,3937.95,42814.18,1040.2,16.35,170.07,3920,53.027
192,Ipca Laboratories,IPCALAB.NS,India,1655.05,42051.35,976.05,12.43,121.42,16167,83.4615
193,Apar Industries,APARINDS.NS,India,10428.4,41889.11,1955.4,6.83,133.62,1428,56.7747
194,Bank of Maharashtra,MAHABANK.NS,India,54.24,41726.73,1644.41,31.59,519.61,12977,10.6682
195,Blue Star,BLUESTARCO.NS,India,2019.3,41519.84,1226.14,6.95,85.24,2866,87.1658
196,Biocon,BIOCON.NS,India,346.15,41442.81,1710.89,24.31,415.86,15000,95.9024
197,Jubilant FoodWorks,JUBLFOOD.NS,India,629.7,41402.84,742.68,8.26,61.34,29346,174.064
198,Gujarat Gas,GUJGASLTD.NS,India,600.1,41313.7,1963.92,10.51,206.57,1034,32.3345
199,KEI Industries,KEI.NS,India,4575.95,41298.68,1006.27,10.37,104.44,0,72.4854
200,National Aluminum &amp; Alloy,NATIONALUM.NS,India,222.92,40996.1,1539.93,23.86,367.32,5525,33.0715
201,Max Financial Services,MFSL.NS,India,1185.55,40908.12,5909.35,0.97,57.49,12,79.4267
202,Deepak Nitrite,DEEPAKNTR.NS,India,2829.6,38601.41,962.22,14.85,142.93,1694,49.1585
203,360 One Wam,360ONE.NS,India,1056.9,38545.88,264.12,83.93,221.67,1226,50.6582
204,3M India,3MINDIA.NS,India,33995.0,38295.76,502.29,19.57,98.31,1132,75.4495
205,AIA Engineering,AIAENG.NS,India,4074.35,38022.0,547.05,31.99,175.03,1287,30.8395
206,Indraprastha Gas,IGL.NS,India,540.55,37838.55,1694.43,17.69,299.92,710,23.0532
207,Ola Electric Mobility,OLAELEC.NS,India,90.2,37234.11,316.74,-52.45,-166.16,0,-45.7778
208,NLC India,NLCINDIA.NS,India,266.1,36905.14,1567.68,23.66,371.15,11246,18.6114
209,Embassy Office Parks REIT,EMBASSY.BO,India,387.76,36755.54,438.81,27.95,122.67,0,42.8603
210,Aditya Birla Fashion and Retail,ABFRL.NS,India,340.25,36291.41,1708.15,-6.16,-105.29,0,-83.3827
211,Tata Investment Corporation,TATAINVEST.NS,India,7048.3,35667.0,53.63,91.76,49.21,23,97.6742
212,Punjab &amp; Sind Bank,PSB.NS,India,52.16,35386.75,460.67,23.87,109.98,8735,27.2648
213,BASF India,BASF.NS,India,8168.25,35379.06,1722.29,6.29,108.48,1363,107.995
214,Syngene International,SYNGENE.NS,India,879.9,35267.1,402.35,19.26,77.49,6847,69.3944
215,Dalmia Bharat,DALBHARAT.NS,India,1872.95,35130.55,1720.42,7.52,129.53,5945,35.4341
216,New India Assurance,NIACL.NS,India,209.68,34642.07,5279.99,3.1,163.97,13926,28.8588
217,CRISIL,CRISIL.NS,India,4711.85,34513.13,382.83,27.67,105.96,4603,55.8537
218,LIC Housing Finance,LICHSGFIN.NS,India,619.5,34076.4,1026.17,70.84,726.93,2467,8.02654
219,Bandhan Bank,BANDHANBNK.NS,India,210.26,33881.29,1577.76,25.87,408.34,61247,13.0771
220,Metro Brands,METROBRAND.NS,India,1225.6,33329.58,282.17,22.9,64.62,0,88.8335
221,Endurance Technologies,ENDURANCE.NS,India,2343.35,32962.27,1255.54,9.07,113.92,3588,59.6542
222,JK Cement,JKCEMENT.NS,India,4238.75,32752.06,1350.35,15.27,206.32,4097,83.733
223,Multi Commodity Exchange,MCX.NS,India,6410.55,32631.5,92.69,27.84,25.78,308,211.387
224,Vedant Fashions,MANYAVAR.NS,India,1320.05,32131.86,155.56,39.17,60.95,409,78.5823
225,Star Health and Allied Insurance Company,STARHEALTH.NS,India,547.6,32114.39,1731.17,9.65,167.27,0,35.5372
226,Apollo Tyres,APOLLOTYRE.NS,India,505.05,32075.78,3014.79,11.36,342.69,7835,23.9166
227,Emami,EMAMILTD.NS,India,730.25,31875.41,439.23,22.4,98.4,3205,44.752
228,CDSL,CDSL.NS,India,1478.05,30891.25,110.44,68.78,75.96,246,47.3888
229,Sun TV Network,SUNTV.NS,India,783.85,30890.35,509.65,59.98,305.74,979,16.7232
230,NBCC India,NBCC.NS,India,114.06,30796.2,1264.36,5.68,71.86,1367,57.6972
231,Hindustan Copper,HINDCOPPER.NS,India,315.85,30543.45,220.83,27.32,60.33,1476,104.392
232,Delhivery,DELHIVERY.NS,India,411.15,30473.29,1006.54,-1.18,-11.93,17256,-42.4768
233,Bayer Crop Science,BAYERCROP.NS,India,6713.85,30194.06,574.41,17.79,102.19,1321,37.5785
234,Tata Chemicals,TATACHEM.NS,India,1183.1,30140.18,1785.7,5.31,95.06,4622,13.0177
235,Whirlpool India,WHIRLPOOL.NS,India,2367.15,30047.65,874.72,5.99,52.45,2668,140.796
236,Century Textiles and Industries,CENTURYTEX.NS,India,2718.95,30028.9,515.94,12.59,64.94,2640,0.0
237,Poonawalla Fincorp,POONAWALLA.NS,India,380.7,29422.78,385.0,70.52,271.4,2384,18.8032
238,Piramal Pharma,PPLPHARMA.NS,India,221.3,29250.99,997.45,8.14,81.23,6295,-196.973
239,Dr Lal PathLabs,LALPATHLAB.NS,India,3505.95,29212.52,274.62,24.7,67.86,4099,94.8598
240,ZF Commercial Vehicle Control Systems India,ZFCVINDIA.NS,India,15304.8,29029.53,451.74,14.66,66.25,2181,72.6713
241,Radico Khaitan,RADICO.NS,India,2150.7,28768.41,503.4,10.29,51.84,1196,123.904
242,Inox Wind,INOXWIND.NS,India,218.61,28502.15,244.95,14.9,36.51,913,-12.8852
243,Timken India,TIMKEN.NS,India,3733.3,28092.71,355.55,17.93,63.77,1256,75.572
244,Gland Pharma,GLAND.NS,India,1698.55,27983.95,703.25,19.05,134.04,4752,36.6333
245,Carborundum Universal,CARBORUNIV.NS,India,1467.95,27945.95,554.82,14.03,77.85,2160,59.2906
246,Crompton Greaves Consumer Electricals,CROMPTON.NS,India,430.85,27731.66,904.52,8.23,74.51,2190,58.6581
247,Global Health Limited (Medanta),MEDANTA.NS,India,1024.7,27532.66,403.77,18.72,75.61,0,62.5207
248,"Sumitomo Chemical
 India",SUMICHEM.NS,India,545.1,27208.45,352.07,20.26,71.33,1649,52.4929
249,EIH Limited,EIHOTEL.NS,India,430.2,26909.4,304.9,35.66,108.72,9105,74.1772
250,ICICI Securities,ISEC.NS,India,829.45,26877.17,679.78,46.27,314.6,0,18.3288
251,SKF India,SKFINDIA.NS,India,5413.2,26761.78,545.57,16.35,89.19,1662,47.4845
252,Grindwell Norton,GRINDWELL.NS,India,2416.5,26755.49,325.03,18.89,61.42,2178,71.302
253,KEC International,KEC.NS,India,998.7,26585.39,2422.87,5.66,137.24,7779,133.999
254,Amara Raja Batteries,ARE&M.NS,India,1406.9,25749.79,1455.24,11.21,163.26,9911,30.2711
255,Natco Pharma,NATCOPHARM.NS,India,1436.25,25724.67,506.69,47.31,239.74,4025,31.2596
256,Anant Raj,ANANTRAJ.NS,India,750.2,25719.93,196.75,24.04,47.31,204,115.985
257,Laurus Labs,LAURUSLABS.NS,India,474.15,25566.97,602.06,4.27,25.72,6007,68.1893
258,Hatsun Agro Products,HATSUN.NS,India,1145.25,25510.21,986.18,5.16,50.95,5541,108.987
259,Narayana Hrudayalaya,NH.NS,India,1221.2,24802.57,615.38,17.83,109.77,0,32.5343
260,Ratnamani Metals &amp; Tubes,RATNAMANI.NS,India,3534.9,24786.61,604.6,16.24,98.2,2637,38.9656
261,Piramal Enterprises,PEL.NS,India,1079.8,24227.47,1141.09,-8.71,-99.37,12220,11.0365
262,Indian Telephone Industries,ITI.NS,India,248.25,23854.02,195.21,-19.51,-38.1,1665,-63.2999
263,Nerolac Paints,KANSAINER.NS,India,288.75,23342.46,929.82,11.79,109.63,3379,26.2074
264,Atul,ATUL.NS,India,7888.8,23226.05,577.23,10.06,58.1,3188,58.2466
265,Alembic Pharmaceuticals,APLLTD.NS,India,1171.7,23031.29,742.91,11.54,85.73,14858,42.575
266,KIOCL,KIOCL.NS,India,372.2,22620.49,180.14,-2.57,-4.63,120,-196.679
267,Castrol India,CASTROLIND.NS,India,227.82,22538.14,620.63,23.09,143.35,630,0.0
268,Kajaria Ceramics,KAJARIACER.NS,India,1408.0,22438.87,555.6,12.12,67.36,4380,55.2854
269,Devyani International,DEVYANI.NS,India,182.01,21957.69,468.99,5.9,27.71,16371,105.89
270,Elgi Equipments,ELGIEQUIP.NS,India,671.6,21234.78,393.73,14.87,58.56,1258,54.3202
271,JBM Auto,JBMA.NS,India,1774.55,20993.64,625.2,4.85,30.35,2063,143.525
272,Tejas Networks,TEJASNET.NS,India,1189.5,20831.95,434.71,7.94,34.49,1843,-385.064
273,Schneider Electric Infrastructure,SCHNEIDER.NS,India,860.45,20573.7,276.66,10.43,28.86,1232,152.304
274,CIE Automotive India,CIEINDIA.NS,India,541.2,20538.65,1052.97,13.6,143.26,4266,17.0058
275,Cyient,CYIENT.NS,India,1851.2,20369.49,856.78,14.11,120.97,12733,29.8912
276,Ramco Cements,RAMCOCEM.NS,India,861.55,20357.74,1103.97,8.99,99.36,3326,67.4698
277,Blue Dart Express,BLUEDART.NS,India,8473.2,20114.19,645.07,7.11,45.91,12594,67.4075
278,CenturyPly,CENTURYPLY.NS,India,904.9,20104.43,480.26,9.51,45.71,6339,51.9858
279,Chambal Fertilisers,CHAMBLFERT.NS,India,497.5,19940.45,2076.32,12.06,250.62,1035,19.6194
280,IIFL Finance,IIFL.NS,India,469.55,19920.28,735.47,39.0,286.94,14937,10.3695
281,Finolex Cables,FINCABLES.NS,India,1298.15,19853.78,605.13,19.31,116.88,1589,35.6306
282,Relaxo Footwear,RELAXO.NS,India,796.9,19837.95,350.97,8.68,30.47,8026,100.176
283,Chalet Hotels,CHALET.NS,India,890.0,19434.84,176.17,33.57,59.15,1853,93.7217
284,PCBL Limited,PCBL.NS,India,508.6,19197.77,862.28,13.43,115.82,1178,43.7588
285,Aarti Industries,AARTIIND.NS,India,529.2,19186.36,796.57,7.07,56.35,6185,40.1069
286,V-Guard Industries,VGUARD.NS,India,440.1,19136.87,610.33,8.34,50.9,2477,87.0631
287,NCC Limited,NCC.NS,India,298.45,18738.09,2640.09,5.03,133.01,5109,29.2763
288,Finolex Industries,FINPIPE.NS,India,299.45,18515.41,513.63,27.43,140.89,1379,39.5697
289,Bombay Burmah,BBTC.NS,India,2643.85,18446.65,2046.98,18.86,386.23,3087,-10.7637
290,Neuland Laboratories,NEULANDLAB.NS,India,14247.6,18281.87,191.17,28.14,53.8,1554,82.8639
291,Jubilant Pharmova,JUBLPHARMA.NS,India,1146.35,18251.15,816.22,9.48,77.42,6000,-396.194
292,Indian Energy Exchange,IEX.NS,India,204.59,18192.7,56.23,0.0,59.22,0,54.7177
293,Mahanagar Gas,MGL.NS,India,1834.0,18115.85,770.52,25.11,193.53,491,15.4864
294,Bata India,BATAINDIA.NS,India,1406.1,18072.32,415.83,15.7,65.27,4357,56.8913
295,Ramkrishna Forgings,RKFORGE.NS,India,999.3,18065.04,488.34,11.59,56.61,2112,54.0422
296,IndiaMART,INDIAMART.NS,India,3011.4,18053.34,149.58,40.29,60.27,4583,56.2524
297,ReNew Power,RNW,India,496.8537,18017.46,995.11,7.28,72.5,2481,-73.6427
298,KFin Technologies,KFINTECH.NS,India,1044.1,17896.61,107.28,40.21,43.14,0,77.3138
299,Asahi India Glass,ASAHIINDIA.NS,India,735.5,17893.69,524.21,12.43,65.2,2734,50.757
300,Reliance Power,RPOWER.NS,India,44.23,17767.06,900.12,-0.73,-6.53,1305,-33.4582
301,Trident,TRIDENT.NS,India,35.3,17763.56,802.76,9.35,75.07,14998,42.6617
302,WNS,WNS,India,4005.0948,17690.9,1319.98,13.43,189.54,60125,14.3373
303,IDFC,IDFC.NS,India,108.78,17404.58,6.09,0.0,104.74,328,3.99001
304,Amber Enterprises India,AMBER.NS,India,5019.85,16948.27,867.68,5.42,47.09,1397,105.358
305,HBL Power Systems,HBLPOWER.NS,India,604.7,16761.98,274.45,17.75,48.74,1663,126.389
306,Tata Teleservices,TTML.NS,India,81.9,16010.88,147.05,-103.48,48.0,385,-13.4435
307,Action Construction Equipment,ACE.NS,India,1343.85,15993.96,359.72,15.23,54.79,1184,79.9856
308,Karur Vysya Bank,KARURVYSYA.NS,India,199.04,15991.27,678.31,39.36,267.0,6761,11.4849
309,PVR INOX,PVRINOX.NS,India,1620.5,15928.56,719.64,-2.9,-20.82,0,128.101
310,Sanofi India Limited,SANOFI.NS,India,6915.1,15925.89,308.66,26.47,81.71,2174,27.0511
311,BEML,BEML.NS,India,3791.8,15790.76,496.12,10.14,50.3,5573,93.6121
312,Zensar,ZENSARTECH.NS,India,694.95,15762.16,595.8,17.63,105.09,11051,29.3774
313,DCM Shriram,DCMSHRIRAM.NS,India,1018.25,15739.91,1316.06,7.74,101.88,6067,25.2365
314,Welspun India,WELSPUNIND.NS,India,158.95,15699.39,933.8,8.17,76.12,26000,41.2198
315,Fine Organics,FINEORG.NS,India,5080.5,15578.49,255.12,26.06,66.48,760,33.3096
316,RITES,RITES.NS,India,313.6,15074.13,287.53,26.2,75.35,2154,14.589
317,BLS International,BLS.NS,India,362.7,14922.67,214.41,22.75,48.78,20000,60.7725
318,Craftsman Automation,CRAFTSMAN.NS,India,6228.1,14912.69,544.36,9.21,50.19,2154,43.5038
319,Granules India,GRANULES.NS,India,603.85,14650.61,562.41,14.15,79.61,0,32.9641
320,eClerx Services,ECLERX.NS,India,3090.55,14520.73,362.92,23.88,86.67,16171,29.9241
321,East India Distilleries Parry,EIDPARRY.NS,India,812.9,14434.42,2512.67,10.95,275.17,2230,18.0828
322,Redington India,REDINGTON.NS,India,184.3,14408.1,10733.89,2.1,225.92,4651,10.6153
323,Olectra Greentech,OLECTRA.NS,India,1752.1,14384.78,150.32,8.97,13.49,337,209.912
324,Strides Pharma,STAR.NS,India,1559.45,14340.42,505.26,6.8,34.34,2647,-60.9433
325,Praj Industries,PRAJIND.NS,India,772.4,14197.72,405.78,12.43,50.47,1192,51.3085
326,Ingersoll Rand India,INGERRAND.NS,India,4434.75,14006.31,145.08,25.72,37.32,536,66.9885
327,Voltamp Transformers,VOLTAMP.NS,India,13599.0,13758.24,205.93,25.23,51.96,320,54.7708
328,Aavas Financiers,AAVAS.NS,India,1718.85,13603.25,210.76,37.24,78.46,6034,28.6565
329,Chennai Petroleum,CHENNPETRO.NS,India,909.0,13546.55,8244.25,5.29,436.65,1486,4.56828
330,Jindal Stainless (Hisar),JSLHISAR.NS,India,570.0,13448.3,1970.9,11.68,232.6,2190,8.86973
331,sterling &amp; wilson solar,SWSOLAR.NS,India,566.4,13223.4,365.35,1.52,5.48,835,-15.738
332,Marksans Pharma,MARKSANS.NS,India,289.15,13103.24,272.28,20.25,55.14,1412,43.6593
333,MMTC,MMTC.NS,India,85.06,12772.52,-25.06,-107.85,27.0,0,7.2858
334,Safari Industries India,SAFARI.NS,India,2611.0,12763.04,188.52,14.12,26.64,1004,37.3978
335,Aether Industries,AETHER.NS,India,948.5,12585.46,74.09,19.81,14.68,889,85.8942
336,Alok Industries,ALOKINDS.NS,India,25.25,12547.31,610.83,-4.55,-27.82,14803,-12.9668
337,Symphony Limited,SYMPHONY.NS,India,1824.7,12530.47,165.96,19.01,31.56,462,110.026
338,Electrosteel Castings,ELECTCAST.NS,India,202.3,12507.76,937.01,17.23,161.46,2879,39.789
339,Zee Entertainment,ZEEL.NS,India,130.15,12501.15,1054.61,6.99,73.77,3182,-109.307
340,Zydus Wellness,ZYDUSWELL.NS,India,1956.25,12448.03,294.67,13.86,40.85,975,42.8663
341,RBL Bank,RBLBANK.NS,India,204.41,12421.63,1120.34,15.06,168.72,18010,10.2507
342,Godawari Power &amp; Ispat,GPIL.NS,India,190.9,12341.21,655.88,24.93,163.58,2851,3.42324
343,CEAT,CEATLTD.NS,India,3010.7,12178.31,1445.42,7.14,103.3,8207,22.9311
344,Happiest Minds Technologies,HAPPSTMNDS.NS,India,800.75,11975.3,203.8,22.17,45.19,4589,49.2421
345,TANLA,TANLA.NS,India,858.1,11547.19,482.5,17.26,83.28,336,22.0558
346,Edelweiss Financial Services,EDELWEISS.NS,India,127.87,11515.73,845.35,7.35,62.19,4490,30.4891
347,City Union Bank,CUB.NS,India,153.9,11398.94,346.77,45.11,156.43,5367,11.8611
348,MapmyIndia,MAPMYINDIA.NS,India,2135.15,11545.46,47.0,46.08,21.66,510,90.1393
349,Graphite India,GRAPHITE.NS,India,579.05,11319.1,348.75,46.51,162.35,1721,76.2913
350,Engineers India,ENGINERSIN.NS,India,200.71,11281.87,370.57,13.0,48.19,2725,27.8568
351,Reliance Infrastructure,RELINFRA.NS,India,284.65,11263.06,2792.2,7.93,221.48,4502,-2.16085
352,Vesuvius India,VESUVIUS.NS,India,5345.35,10853.63,208.56,19.62,40.93,559,58.0416
353,Gujarat Mineral Development,GMDCLTD.NS,India,340.0,10812.0,301.91,30.97,93.5,1064,10.4546
354,Quess,QUESS.NS,India,727.1,10806.6,2341.44,1.8,42.21,6664,51.2996
355,Raymond,RAYMOND.NS,India,1603.45,10672.19,972.61,10.5,102.16,6707,6.88739
356,Bajaj Electricals,BAJAJELEC.NS,India,900.9,10395.58,560.26,3.39,19.02,2661,47.7515
357,Galaxy Surfactants,GALAXYSURF.NS,India,2931.1,10392.16,455.87,10.38,47.36,1668,28.5475
358,Cera Sanitaryware,CERA.NS,India,7899.65,10197.11,220.81,16.97,37.48,2523,43.3956
359,JSW Holdings,JSWHL.NS,India,8974.75,9959.37,20.5,92.76,19.02,2,77.12
360,Sheela Foam,SFL.NS,India,913.1,9925.12,377.27,10.72,40.45,2221,44.3959
361,Rashtriya Chemicals and Fertilizers,RCF.NS,India,179.82,9920.45,2081.19,2.53,52.84,0,13.1863
362,Power Mech Projects,POWERMECH.NS,India,3108.4,9827.61,522.07,11.29,58.96,14044,20.4426
363,Indiabulls Housing Finance,IBULHSGFIN.NS,India,164.4,9786.22,442.21,45.87,202.85,5318,6.33654
364,Shriram Pistons &amp; Rings,SHRIPISTON.NS,India,2210.3,9736.33,379.78,19.16,72.8,3907,32.8169
365,VA Tech Wabag,WABAG.NS,India,1562.45,9716.94,348.21,12.54,43.69,2000,301.649
366,Campus Activewear,CAMPUS.NS,India,315.5,9632.37,172.12,7.79,13.41,782,80.023
367,ESAB India,ESABINDIA.NS,India,6151.75,9492.03,152.54,17.57,26.81,820,60.6715
368,HEG,HEG.NS,India,2458.85,9490.06,273.72,10.84,29.69,1075,18.0696
369,Arvind,ARVIND.NS,India,360.2,9427.51,894.4,5.71,51.11,25188,28.238
370,Force Motors,FORCEMOT.NS,India,7099.9,9370.95,887.12,9.91,87.98,3928,41.704
371,Puravankara,PURVA.NS,India,394.45,9354.38,302.5,22.72,68.76,1248,651.977
372,Religare,RELIGARE.NS,India,275.0,9083.11,646.03,6.85,44.25,11000,2.67655
373,Knr Constructions,KNRCON.NS,India,318.4,8961.46,532.23,22.45,119.5,2173,17.2962
374,Time Technoplast,TIMETECHNO.NS,India,394.85,8960.29,617.46,10.96,67.69,2521,37.7929
375,RattanIndia Power,RTNPOWER.NS,India,16.44,8828.46,414.0,0.0,1139.55,524,-4.25924
376,Varroc,VARROC.NS,India,575.7,8795.89,917.84,6.47,59.43,13800,-12.119
377,FDC India,FDC.NS,India,536.2,8738.72,245.48,20.66,50.72,6336,37.3444
378,Kalpataru Power Transmission,KALPATPOWR.NS,India,522.85,8653.62,2010.67,6.77,136.18,3072,13.2136
379,Karnataka Bank,KTKBANK.NS,India,228.2,8618.54,559.62,35.0,195.9,8520,5.15685
380,Rajesh Exports,RAJESHEXPO.NS,India,291.45,8605.35,30648.44,0.09,28.6,135,6.8496
381,Network18,NETWORK18.NS,India,81.36,8520.18,1104.32,-6.63,-73.29,620,-57.8906
382,Mastek,MASTEK.NS,India,2709.8,8365.91,377.27,13.65,51.51,5810,29.9762
383,Sudarshan Chemical,SUDARSCHEM.NS,India,1201.1,8314.88,305.71,7.82,23.9,1285,26.5965
384,Astra Microwave,ASTRAMICRO.NS,India,860.1,8166.22,111.67,18.97,21.2,1058,131.521
385,Sunteck Realty,SUNTECK.NS,India,556.25,8151.18,97.23,16.56,16.09,453,-164.764
386,Black Box,BBOX.NS,India,484.35,8140.71,736.41,5.11,37.7,3800,248.192
387,Infibeam Avenues,INFIBEAM.NS,India,28.79,7985.08,381.98,8.13,31.06,750,55.4376
388,Transport Corporation of India,TCI.NS,India,1037.75,7943.24,493.96,9.98,49.31,3687,24.1383
389,eMudhra,EMUDHRA.NS,India,952.5,7895.74,46.32,25.77,11.94,733,107.925
390,Mahindra Lifespaces,MAHLIFE.NS,India,508.15,7891.93,36.27,23.49,8.51,580,733.49
391,Texmaco Rail &amp; Engineering,TEXRAIL.NS,India,196.37,7848.5,448.7,5.48,24.63,2114,90.5534
392,Surya Roshni,SURYAROSNI.NS,India,722.15,7844.21,939.7,6.51,61.19,3357,15.2084
393,MOIL,MOIL.NS,India,382.75,7794.59,187.57,24.33,45.64,5789,32.5239
394,VIP Industries,VIPIND.NS,India,547.45,7773.68,268.99,2.53,6.84,4190,68.5965
395,Sundaram Finance,SUNDARMHLD.NS,India,346.95,7656.91,33.64,95.98,32.29,193,27.9638
396,Kirloskar Ferrous Industries,KIRLFER.NS,India,460.05,7656.2,744.06,6.7,49.9,1385,16.6212
397,Ethos Watches,ETHOSLTD.NS,India,3092.85,7573.86,125.12,12.89,16.14,424,105.136
398,Syrma SGS Technology,SYRMA.NS,India,416.85,7399.63,445.6,5.33,23.76,697,67.7923
399,PDS Multinational,PDSL.NS,India,520.3,7308.19,1258.28,3.4,42.8,180,30.678
400,IFB Industries,IFBIND.NS,India,1799.5,7297.4,554.35,2.68,14.86,2653,514.384
401,Hindustan Construction Company,HCC.NS,India,42.26,7122.63,827.92,10.87,89.99,1105,20.3408
402,Ashoka Buildcon,ASHOKA.NS,India,251.64,7070.48,1239.92,9.68,120.01,2030,22.6985
403,Nazara Technologies,NAZARA.NS,India,923.4,7068.23,136.15,10.16,13.84,73,125.428
404,Mishra Dhatu Nigam,MIDHANI.NS,India,376.7,7057.1,120.67,14.57,17.58,773,43.8725
405,JCI Hitachi India,JCHAC.NS,India,2560.85,6963.18,281.7,0.17,0.47,1427,-54.9859
406,Suprajit Engineering,SUPRAJIT.NS,India,505.4,6935.71,354.28,8.07,28.6,1514,43.2542
407,SPARC,SPARC.NS,India,213.18,6918.16,8.21,-565.71,-46.46,403,-26.7919
408,Gokaldas Exports,GOKEX.NS,India,932.15,6656.31,335.64,7.2,24.19,31483,38.4624
409,Gabriel India,GABRIEL.NS,India,458.35,6584.61,422.26,7.7,32.52,2556,45.2538
410,Greenlam Industries,GREENLAM.NS,India,509.15,6495.43,280.55,9.37,26.3,2249,43.5038
411,Gulf Oil Lubricants,GULFOILLUB.NS,India,1313.45,6477.24,406.2,12.84,52.17,585,23.7323
412,Gujarat Alkalies and Chemicals,GUJALKALI.NS,India,875.3,6427.93,464.75,-7.58,-35.24,1538,38.9072
413,Jindal Worldwide,JINDWORLD.NS,India,313.9,6301.2,227.58,8.25,18.8,1979,70.0613
414,South Indian Bank,SOUTHBANK.NS,India,23.86,6253.04,584.07,31.54,184.12,9219,5.65111
415,Lux Industries,LUXIND.NS,India,2073.15,6234.31,279.6,8.4,23.5,0,56.302
416,Orient Cement,ORIENTCEM.NS,India,295.75,6060.04,365.87,10.22,37.42,1275,48.5358
417,Prince Pipes And Fittings,PRINCEPIPE.NS,India,546.95,6057.64,314.5,9.61,30.25,1665,47.4881
418,EaseMyTrip,EASEMYTRIP.NS,India,34.19,6060.38,74.33,25.9,19.27,508,41.6509
419,Allcargo Logistics,ALLCARGO.NS,India,61.4,6039.21,1648.27,1.08,17.83,959,3.02213
420,Borosil,BORORENEW.NS,India,461.9,6029.92,165.55,-2.48,-4.1,602,187.952
421,Skipper Limited,SKIPPER.NS,India,548.1,6015.34,458.44,3.88,17.8,2100,110.959
422,National Fertilizers,NFL.NS,India,121.76,5976.19,2834.06,1.36,38.55,3003,28.2334
423,Sterlite Technologies,STLTECH.NS,India,120.66,5885.18,611.29,1.84,11.32,3286,22.9733
424,PTC India,PTC.NS,India,197.38,5842.61,1943.2,4.11,79.99,102,12.4496
425,Rain Industries,RAIN.NS,India,172.98,5824.39,1924.01,-6.45,-124.32,2640,7.41739
426,India Tourism Development Corp,ITDC.NS,India,658.1,5656.25,59.88,18.55,11.11,567,81.9945
427,Anup Engineering,ANUP.NS,India,2735.15,5470.98,67.37,21.92,14.77,205,39.0356
428,CSB Bank,CSBBANK.NS,India,307.3,5202.8,254.09,34.82,88.5,4632,8.69234
429,Wonderla Holidays,WONDERLA.NS,India,903.05,5108.85,56.57,38.87,21.99,573,29.559
430,Heidelbergcement India,HEIDELBERG.NS,India,224.39,5084.97,276.41,10.61,29.33,1063,49.5812
431,Orient Electric,ORIENTELEC.NS,India,236.46,5045.25,338.66,3.81,12.93,1001,64.3762
432,VRL Logistics,VRLLOG.NS,India,575.35,5032.5,351.09,6.05,21.26,20219,16.1256
433,Vaibhav Global,VAIBHAVGBL.NS,India,300.65,4986.94,374.41,6.07,22.75,1199,40.0579
434,Greenpanel Industries,GREENPANEL.NS,India,398.9,4892.83,185.22,10.37,19.23,1891,21.7536
435,Sequent Scientific,SEQUENT.NS,India,192.72,4846.2,171.28,0.91,1.56,1771,-33.1527
436,MSTC Limited,MSTCLTD.NS,India,686.15,4831.88,91.4,44.93,41.07,315,19.7968
437,Kaveri Seed,KSCL.NS,India,935.65,4787.78,145.88,27.44,40.03,1198,16.7684
438,Paisalo Digital,PAISALO.NS,India,52.39,4712.93,49.9,58.92,29.41,958,17.04
439,Greenply,GREENPLY.NS,India,378.5,4693.7,274.67,8.08,22.2,2549,63.6226
440,Aarti Drugs,AARTIDRUGS.NS,India,509.9,4653.86,290.89,10.3,29.97,1450,25.6633
441,RPG Life Sciences,RPGLIFE.NS,India,2806.9,4642.33,71.45,20.84,14.9,1270,60.4434
442,India Glycols,INDIAGLYCO.NS,India,1470.5,4557.17,425.97,6.62,28.24,1151,27.0549
443,Prime Focus,PFOCUS.NS,India,150.84,4538.05,422.27,-18.55,-78.38,9500,36.1833
444,The Tinplate Company Of India,TINPLATE.NS,India,430.5,4509.57,419.55,4.06,17.11,1388,47.278
445,JTEKT India,JTEKTINDIA.NS,India,175.94,4473.8,275.85,6.31,17.41,1719,52.6278
446,Subros,SUBROS.NS,India,680.0,4439.58,382.64,5.67,21.7,2647,86.9243
447,Gateway Distriparks,GATEWAY.NS,India,87.79,4386.37,182.44,19.38,35.37,0,17.3681
448,Quick Heal,QUICKHEAL.NS,India,811.7,4374.67,37.29,14.26,5.32,986,-278.739
449,Imagicaaworld Entertainment,IMAGICAA.NS,India,79.54,4313.61,40.84,9.99,4.06,554,11.2513
450,Honda Siel Power Products,HONDAPOWER.NS,India,4154.2,4215.85,110.87,13.29,14.74,754,42.3673
451,Jain Irrigation Systems,JISLDVREQS.NS,India,33.92,4206.55,699.47,8.15,57.03,8500,2.35919
452,Hikal,HIKAL.NS,India,340.0,4194.07,214.45,8.68,18.61,1906,43.5386
453,Avalon Technologies,AVALON.NS,India,626.55,4138.11,99.83,3.07,3.07,0,54.1493
454,Kewal Kiran Clothing,KKCL.NS,India,666.25,4123.13,100.06,23.55,23.57,1648,26.9447
455,Kingfa Science & Technology,KINGFA.NS,India,3333.45,4066.54,187.94,11.19,21.04,221,34.596
456,SpiceJet,SPICEJET.BO,India,67.29,4039.25,842.05,3.39,28.81,0,-2.93497
457,West Coast Paper Mills,WSTCSTPAPR.NS,India,611.25,4037.24,509.55,19.73,100.57,2386,3.93685
458,Vst Tillers Tractors,VSTTILLERS.NS,India,4512.55,3898.63,109.56,15.58,17.08,649,42.1577
459,Spandana Sphoorty Financial,SPANDANA.NS,India,538.15,3842.13,290.09,31.47,91.29,9674,8.88358
460,Indian Metals &amp; Ferro Alloys,IMFA.NS,India,706.75,3813.21,324.63,20.08,65.2,2128,18.982
461,Cigniti Technologies,CIGNITITEC.NS,India,1390.45,3800.04,221.38,9.68,21.45,3891,21.9611
462,Tata Steel Long Products,TATASTLLP.NS,India,829.35,3782.75,1411.75,-18.83,-265.64,3291,-1.90725
463,TCNS Clothing,TCNSBRANDS.NS,India,583.3,3696.32,110.66,-35.28,-39.05,3910,-18.1407
464,CARE's Ratings,CARERATING.NS,India,1230.35,3679.82,41.32,44.28,18.3,563,40.5414
465,Polyplex,POLYPLEX.NS,India,1169.65,3671.82,772.17,3.72,28.76,2650,22.5895
466,Hinduja Global Solutions,HGS.NS,India,788.0,3665.8,549.18,5.22,28.72,21608,12.0675
467,Geojit Financial Services,GEOJITFSL.NS,India,137.94,3664.17,66.46,40.19,26.72,2568,28.7587
468,Kalyani Steels,KSL.NS,India,834.35,3642.2,227.43,18.25,41.53,66,18.4722
469,Tide Water Oil,TIDEWATER.NS,India,2140.4,3638.08,232.24,10.19,23.68,509,31.7494
470,Mahindra Logistics,MAHLOG.NS,India,500.75,3607.92,676.24,0.71,4.85,3740,-148.37
471,MPS Limited,MPSLTD.NS,India,2092.3,3579.82,71.25,26.41,18.82,2210,28.6625
472,Jindal Poly Films,JINDALPOLY.NS,India,817.55,3579.76,519.45,4.45,23.13,1740,32.9294
473,Hathway,HATHWAY.NS,India,20.09,3556.13,236.98,6.86,16.27,658,61.8039
474,Alembic Limited,ALEMBICLTD.NS,India,138.38,3553.35,19.33,69.52,13.45,271,13.6675
475,KSB ltd,KSB.NS,India,997.8,3477.37,281.05,12.68,35.65,1937,16.3196
476,Sandhar,SANDHAR.NS,India,574.45,3478.78,432.77,4.37,18.93,1609,41.0332
477,Kitex Garments,KITEX.NS,India,522.45,3474.29,79.42,17.04,13.54,5524,119.523
478,Nucleus Software Exports,NUCLEUS.NS,India,1299.6,3421.24,97.85,27.56,26.97,1782,19.9506
479,Capacit'e Infraprojects,CAPACITE.NS,India,396.4,3353.7,248.17,10.25,25.43,970,30.5891
480,Delta Corp,DELTACORP.NS,India,124.73,3339.91,104.12,31.93,33.24,3286,11.9967
481,Mahanagar Telephone Nigam,MTNL.NS,India,50.94,3212.37,94.0,-332.62,-52.76,3749,-1.007
482,Indoco Remedies,INDOCO.NS,India,337.3,3128.32,215.6,6.06,13.07,6000,26.9558
483,Repco Home Finance,REPCOHOME.NS,India,497.55,3112.74,84.23,77.19,65.02,898,9.15085
484,Ashiana Housing,ASHIANA.NS,India,308.25,3098.68,113.13,9.87,11.17,857,109.758
485,Dollar Industries,DOLLAR.NS,India,545.55,3094.15,186.48,7.97,14.87,2323,75.3452
486,PTC Financial Services,PFS.NS,India,47.96,3090.11,87.92,30.87,27.15,48,15.0
487,KCP Limited,KCP.NS,India,237.45,3066.33,334.64,11.92,39.89,856,63.4852
488,GTL Infrastructure,GTLINFRA.NS,India,2.36,3035.88,162.27,-57.77,-93.75,669,-1.8024
489,Prakash Industries,PRAKASH.NS,India,169.26,3032.21,459.95,9.06,41.69,2404,15.4003
490,Huhtamaki India,HUHTAMAKI.NS,India,400.2,3029.61,293.44,22.73,66.73,2906,29.9693
491,Foseco India,FOSECOIND.NS,India,4706.0,3008.11,59.13,18.05,10.68,220,61.9457
492,Somany Ceramics,SOMANYCERA.NS,India,720.25,2954.93,310.01,7.41,23.0,1888,45.6136
493,Wendt India,WENDT.NS,India,14724.2,2944.85,26.7,23.54,6.29,388,70.7643
494,Unitech Group,UNITECH.NS,India,11.18,2930.19,56.08,-305.48,-171.22,175,-1.06774
495,Vadilal Industries,VADILALIND.NS,India,4048.85,2912.63,141.49,16.22,22.96,668,24.0645
496,Nilkamal,NILKAMAL.NS,India,1936.25,2891.09,374.1,4.55,17.04,3493,20.5055
497,Hindustan Oil Exploration Company,HINDOILEXP.NS,India,217.78,2882.21,86.14,34.52,29.74,94,12.3621
498,Automotive Axles,AUTOAXLES.NS,India,1881.2,2845.79,256.7,10.21,26.22,988,16.403
499,Rane Holdings,RANEHOLDIN.NS,India,1989.7,2840.85,410.13,2.65,10.89,115,29.8094
500,Shalby,SHALBY.NS,India,263.5,2827.43,117.31,15.04,17.66,2490,35.7487
501,MM Forgings,MMFL.NS,India,571.25,2761.7,189.28,12.13,22.97,2054,10.4755
502,GE Power India,GEPIL.NS,India,404.05,2722.32,195.41,1.09,2.12,1405,-5.13005
503,Parag Milk Foods,PARAGMILK.NS,India,227.29,2709.3,377.83,5.44,20.58,1572,38.5954
504,Confidence Petroleum,CONFIPET.NS,India,81.39,2704.11,312.28,4.56,14.28,163,20.3377
505,SML Isuzu,SMLISUZU.NS,India,1835.4,2674.36,277.33,7.34,20.35,916,52.7049
506,Barbeque Nation Hospitality,BARBEQUE.NS,India,681.1,2662.66,147.83,4.79,7.09,6878,-1040.02
507,Accelya,ACCELYA.NS,India,1767.85,2638.75,61.32,26.65,16.35,1177,20.4843
508,Dish TV,DISHTV.NS,India,14.25,2623.8,217.51,-7.19,-15.59,376,-1.5911
509,Sasken Technologies,SASKEN.NS,India,1706.8,2586.06,51.78,19.66,10.18,1443,27.3665
510,Filatex India,FILATEX.NS,India,57.86,2569.92,512.78,3.98,20.45,2383,40.5528
511,Vidhi Specialty Food,VIDHIING.NS,India,480.55,2403.11,36.82,16.83,6.2,71,66.5482
512,Siyaram Silk Mills,SIYSIL.NS,India,526.8,2390.1,245.02,13.22,32.41,3299,11.4752
513,Omaxe,OMAXE.NS,India,129.26,2377.07,209.18,-30.57,-63.94,468,-5.70264
514,Mangalam Cement,MANGLMCEM.NS,India,862.3,2371.23,202.36,9.02,18.26,1114,660.614
515,Apollo Pipes,APOLLOPIPE.NS,India,568.5,2341.25,124.26,6.68,8.31,834,78.6174
516,Federal-Mogul Goetze,FMGOETZE.NS,India,419.05,2331.26,203.63,11.55,23.53,5025,20.5412
517,Lumax Industries,LUMAXIND.NS,India,2466.9,2307.49,334.21,6.15,20.58,2281,21.1732
518,Nelco,NELCO.NS,India,1002.25,2286.97,38.6,10.47,4.04,93,101.717
519,Rupa Company,RUPA.NS,India,287.35,2285.14,147.0,8.41,12.37,1152,48.9817
520,Hyderabad Industries Limited,HIL.NS,India,2848.0,2147.65,413.96,0.74,3.09,1745,20.8221
521,Sanghi Industries,SANGHIIND.NS,India,83.11,2146.95,105.24,-39.69,-41.79,767,-4.37196
522,Astec Lifesciences,ASTEC.NS,India,1093.2,2143.92,46.18,-29.21,-13.49,551,-81.7235
523,Jaypee Group,JPASSOCIAT.NS,India,8.55,2120.77,817.58,-10.32,-84.39,5893,-1.78441
524,Sterling Tools,STERTOOLS.NS,India,574.65,2071.58,119.21,7.97,9.51,554,39.3504
525,Hindustan Sanitaryware &amp; Industries,HSIL.NS,India,316.9439,2052.77,188.64,0.0,23.6,2818,0.0
526,Sify,SIFY,India,284.1566,2052.23,438.28,3.05,28.38,4319,119.269
527,Excel Industries,EXCELINDUS.NS,India,1626.6,2044.75,105.25,6.61,6.95,1047,42.2403
528,Igarashi Motors India,IGARASHI.NS,India,638.35,2009.53,91.26,4.39,4.01,648,180.863
529,Jagran Prakashan,JAGRAN.NS,India,92.24,2007.64,230.92,12.96,29.95,4865,7.81066
530,Hester Biosciences,HESTERBIO.NS,India,2348.65,1997.96,35.89,15.11,5.43,584,67.2952
531,Cantabil Retail India,CANTABIL.NS,India,237.14,1984.7,75.95,12.13,9.22,2278,14.4532
532,Cosmo First,COSMOFIRST.NS,India,766.15,1984.44,308.47,7.07,21.82,1148,12.1707
533,Navkar Corp,NAVKARCORP.NS,India,125.42,1887.81,53.66,-3.12,-1.68,495,25.4207
534,Gallantt Ispat,GALLISPAT.NS,India,64.9,1858.9,149.38,0.0,18.67,1516,0.0
535,Kokuyo Camlin,KOKUYOCMLN.NS,India,182.81,1835.65,96.9,7.63,7.4,1095,70.3211
536,GTPL Hathway,GTPL.NS,India,161.74,1818.98,393.95,3.8,15.0,729,18.6691
537,Wheels India,WHEELS.NS,India,743.55,1816.72,592.08,1.93,11.44,2221,30.2641
538,Gati,GATI.NS,India,137.05,1808.67,208.97,0.33,0.7,20,-114.38
539,I.g. Petrochemicals,IGPL.NS,India,586.2,1805.19,255.58,3.95,10.12,461,11.388
540,Monte Carlo Fashions,MONTECARLO.NS,India,840.1,1741.7,125.99,11.21,14.13,1806,13.6774
541,Southern Petrochemical Industries Corp,SPIC.NS,India,84.54,1729.53,254.36,10.77,27.42,617,5.9034
542,Oriental Aromatics,OAL.NS,India,509.2,1715.37,102.27,6.56,6.71,744,315.852
543,Mangalore Chemicals and Fertilizers,MANGCHEFER.NS,India,140.04,1659.68,457.55,6.34,29.05,651,6.24563
544,India Motor Parts and Accessories,IMPAL.NS,India,1287.6,1606.92,89.38,12.73,11.38,854,19.5194
545,India Nippon Electricals,INDNIPPON.NS,India,705.6,1599.4,90.14,11.7,10.55,561,28.9856
546,INEOS Styrolution,INEOSSTYRO.NS,India,807.8,1469.87,298.88,13.63,41.37,479,7.30866
547,Rico Auto Industries,RICOAUTO.NS,India,107.91,1459.86,259.98,5.17,13.45,1558,29.6161
548,Himatsingka Seide,HIMATSEIDE.NS,India,147.55,1452.74,347.54,15.88,55.2,8687,72.6875
549,Kellton Tech Solutions,KELLTONTEC.NS,India,146.99,1432.6,119.55,7.6,9.09,1269,-10.3979
550,Tamil Nadu Newsprint and Papers Limited,TNPL.NS,India,206.07,1427.63,540.05,8.43,45.58,2371,4.24244
551,Dhampur Sugar Mills,DHAMPURSUG.NS,India,213.59,1397.72,226.87,9.01,20.45,1213,8.82699
552,Bliss GVS Pharma,BLISSGVS.NS,India,128.06,1348.92,94.85,16.56,15.73,763,21.7583
553,Shankara Building,SHANKARA.NS,India,516.1,1253.0,597.47,2.13,12.78,664,16.8745
554,Indorama Synthetics,INDORAMA.NS,India,47.46,1252.05,486.05,-4.13,-20.1,1501,-10.2788
555,Aptech,APTECHT.NS,India,214.83,1246.43,50.27,9.0,4.53,458,16.7109
556,Kuantum Papers,KUANTUM.NS,India,137.7,1202.4,140.8,18.01,25.37,1304,4.89034
557,Jay Bharat Maruti,JAYBARMARU.NS,India,98.07,1067.11,275.21,2.09,5.76,5896,32.0886
558,Asian Granito India,ASIANTILES.NS,India,78.95,1062.37,184.01,0.75,1.39,1440,-13.0103
559,NACL Industries,NACLIND.NS,India,53.14,1060.92,207.47,-3.06,-6.35,1254,12.2358
560,Bodal Chemicals,BODALCHEM.NS,India,82.91,1046.22,178.16,0.0,0.01,2025,58.9259
561,Orient Paper Mills,ORIENTPPR.NS,India,46.82,993.45,97.23,-1.76,-1.72,1394,7.52449
562,Spencer's Retail,SPENCERS.NS,India,99.79,899.85,278.93,-3.81,-10.63,4505,-3.64781
563,Rane Brake Lining,RBL.NS,India,1159.9,896.59,80.07,8.87,7.11,597,26.6782
564,Nectar Lifesciences,NECLIFE.NS,India,39.09,880.51,197.95,6.79,13.46,1669,-32.5167
565,Yatra,YTRA,India,142.919,853.53,49.64,-7.65,-3.8,1095,-28.3438
566,Apex Frozen Foods,APEX.NS,India,244.23,765.6,91.57,2.55,2.34,2713,35.4826
567,Coffee Day Enterprises,COFFEEDAY.NS,India,36.14,763.46,123.18,-35.3,-43.45,2376,-2.19716
568,Reliance Communications,RCOM.NS,India,2.58,710.76,45.74,-10.76,-4.92,464,-0.0528459
569,Hindustan Media Ventures,HMVL.NS,India,94.1,691.77,83.76,-2.47,-2.08,1146,-63.0379
570,Ebixcash India,EBIXFOREX.NS,India,614.5517,685.23,174.51,0.0,8.37,474,0.0
571,Balaji Telefilms,BALAJITELE.NS,India,63.26,654.06,74.7,4.37,3.27,87,-244.738
572,Mirza International,MIRZAINT.NS,India,42.73,590.94,73.72,4.27,3.15,2409,20.5474
573,N.B.I. Industrial Finance,NBIFIN.NS,India,2388.3,586.76,1.55,83.54,1.29,5,85.662
574,Radio City,RADIOCITY.NS,India,15.73,543.76,28.38,6.81,1.93,415,150.103
575,3i Infotech,3IINFOLTD.NS,India,30.33,514.13,95.96,-33.29,-31.96,5000,379.54
576,Hinduja Ventures,NXTDIGITAL.NS,India,117.0,404.7,60.11,-11.0,-10.95,837,-2.80953
577,Zee Learn,ZEELEARN.NS,India,11.1,362.85,39.73,52.4,20.79,193,-0.814644
578,Azure Power,AZREF,India,25.221,161.83,245.37,-4.21,-10.33,427,-0.353255
579,Modern Dairies Limited,MODAIRY.BO,India,56.06,130.73,40.92,10.13,4.13,0,11.0519
580,Future Retail,FRETAIL.NS,India,2.28,123.64,1141.29,-34.42,-393.0,21839,-0.0246879
581,Srei Infrastructure Finance,SREINFRA.NS,India,2.1,106.57,105.29,-764.93,-804.83,20,-0.0109699
582,Jump Networks,JUMPNET.NS,India,10.0884,98.1,19.49,0.0,-1.51,3,0.0
583,MEP Infrastructure,MEP.NS,India,4.26,78.15,5.93,-612.55,-36.37,111,-0.378068
584,Milkfood Limited,MLKFOOD.BO,India,137.25,67.07,50.09,5.8,2.91,0,6.42031
585,Future Supply Chain Solutions,FSC.NS,India,2.12,9.3,72.65,-112.32,-80.9,0,-0.0122577
